Date,Open,High,Low,Close,Adj_Close,Volume
2011-01-03,15.52,15.97,15.5,15.82,14.677008,20436200
2011-01-04,15.85,15.92,15.42,15.77,14.630622,16284600
2011-01-05,16.059999,17,15.9,16.98,15.753201,35705400
2011-01-06,17.42,19.34,17.370001,19.33,17.933416,87332800
2011-01-07,19.110001,19.93,18.68,19.870001,18.434401,64499600
2011-01-10,19.51,20.67,19.360001,20.629999,19.139486,43758700
2011-01-11,20.91,21.110001,19.870001,20.309999,18.842609,67777200
2011-01-12,20.32,23.370001,20.25,23.35,21.662971,85797400
2011-01-13,23.1,23.84,22.379999,23.389999,21.700079,67379800
2011-01-14,22.99,23.98,22.85,23.59,21.885632,39883800
2011-01-18,23.27,23.43,22.469999,23.040001,21.37537,45333700
2011-01-19,23.049999,23.6,22.360001,22.41,20.790882,29947400
2011-01-20,22.190001,22.559999,21.790001,22.43,20.809439,27785200
2011-01-21,22.67,22.99,22.18,22.219999,20.614613,18481100
2011-01-24,23.24,25.049999,22.98,24.73,22.94327,51422500
2011-01-25,24.620001,24.879999,23.809999,23.969999,22.238174,27171400
2011-01-26,24.219999,25,24.049999,24.540001,22.766996,26866500
2011-01-27,24.889999,24.950001,24,24.469999,22.702045,16434900
2011-01-28,24.530001,24.940001,23.200001,23.76,22.043348,27369900
2011-01-31,23.799999,24.25,23.41,23.92,22.191788,18754000
2011-02-01,24.129999,24.65,23.969999,24.469999,22.702045,16352600
2011-02-02,24.33,26.17,24.33,25.58,23.731855,40165400
2011-02-03,25.620001,25.620001,24.549999,25.1,23.286535,25769400
2011-02-04,25.450001,25.870001,25.35,25.67,23.815348,21822500
2011-02-07,25.32,25.43,24.51,24.6,22.822659,23355900
2011-02-08,24.629999,24.790001,23.76,23.870001,22.145403,26914600
2011-02-09,23.959999,24.200001,22.860001,23.290001,21.607307,31938000
2011-02-10,22.77,23.209999,22.6,22.82,21.171255,26058800
2011-02-11,22.74,24.209999,22.370001,23.469999,21.7743,33981900
2011-02-14,23.75,24.5,23.02,23.110001,21.440313,32195700
2011-02-15,23.15,23.23,22.450001,22.549999,20.920769,22174500
2011-02-16,22.85,23.709999,22.77,23.379999,21.690798,32959100
2011-02-17,22.719999,26.01,22.610001,25.68,23.824629,86752400
2011-02-18,25.540001,25.950001,25.23,25.629999,23.778233,34860300
2011-02-22,24.790001,24.860001,23.129999,23.209999,21.533083,34916200
2011-02-23,23.209999,23.43,21.780001,22.110001,20.51256,37290100
2011-02-24,22.219999,23.040001,22.059999,22.65,21.013544,31153000
2011-02-25,23.26,23.5,22.940001,23.120001,21.449591,19391300
2011-02-28,23.5,23.51,22.139999,22.66,21.022821,22592400
2011-03-01,22.700001,22.99,21.65,21.65,20.085796,24711200
2011-03-02,21.620001,22.030001,20.25,20.75,19.250818,42953500
2011-03-03,21.23,21.35,20.24,20.870001,19.362154,39842600
2011-03-04,20.889999,21.1,20.530001,20.76,19.260098,23994000
2011-03-07,20.91,20.98,19.950001,20.469999,18.991045,25478500
2011-03-08,20.690001,20.799999,19.120001,19.549999,18.13752,48679600
2011-03-09,19.49,19.68,18.969999,19.139999,17.757139,32974400
2011-03-10,18.700001,18.84,17.9,17.92,16.625288,43068400
2011-03-11,18.07,18.549999,17.66,18.049999,16.74589,37170800
2011-03-14,18.190001,18.65,17.9,18.200001,16.885057,25084000
2011-03-15,17.309999,17.959999,17.01,17.66,16.384068,31407000
2011-03-16,17.5,18.35,17.299999,17.530001,16.263462,36913000
2011-03-17,18,18.030001,17.200001,17.860001,16.569622,30962900
2011-03-18,18.139999,18.200001,17.6,17.620001,16.346956,22174000
2011-03-21,18,18.18,17.58,17.76,16.476847,18795800
2011-03-22,17.709999,17.879999,17.370001,17.450001,16.189247,17958300
2011-03-23,17.42,17.860001,17.040001,17.809999,16.523235,19559900
2011-03-24,18.190001,19.450001,18.15,19.23,17.840633,44514800
2011-03-25,19.4,19.450001,18.6,18.629999,17.283987,29909800
2011-03-28,19.07,19.639999,18.9,19.32,17.924135,30107100
2011-03-29,19.32,19.389999,18.91,19.17,17.784973,17894100
2011-03-30,19.32,19.4,18.209999,18.450001,17.116993,29408000
2011-03-31,18.48,18.68,18.120001,18.459999,17.12627,16377800
2011-04-01,18.700001,18.719999,17.950001,18.200001,16.885057,21251800
2011-04-04,18.200001,18.25,17.42,17.549999,16.282015,23108200
2011-04-05,17.809999,17.950001,17.540001,17.58,16.309847,20526900
2011-04-06,17.709999,17.73,17.309999,17.459999,16.198521,21424600
2011-04-07,17.5,18.209999,17.43,18.1,16.79228,25530200
2011-04-08,18.24,18.24,17.5,17.549999,16.282015,18663800
2011-04-11,17.620001,17.709999,17.129999,17.32,16.068634,13655200
2011-04-12,17.15,17.49,16.83,17.370001,16.115021,21018900
2011-04-13,17.549999,17.870001,17.33,17.76,16.476847,18739700
2011-04-14,17.6,18.52,17.5,18.51,17.172659,31367600
2011-04-15,18.370001,18.940001,18.280001,18.709999,17.358208,24243000
2011-04-18,18.27,18.389999,17.799999,18.09,16.783005,18589600
2011-04-19,18.1,18.17,17.530001,18.02,16.718065,16496500
2011-04-20,18.68,18.950001,18.27,18.57,17.228327,16262900
2011-04-21,18.77,18.889999,18.48,18.52,17.181936,10532500
2011-04-25,18.6,19.120001,18.59,18.809999,17.450983,15490300
2011-04-26,18.969999,19.49,18.780001,19.299999,17.905581,16900000
2011-04-27,19.4,19.4,18.9,19.299999,17.905581,11250100
2011-04-28,19.299999,19.9,19.08,19.51,18.10041,17100000
2011-04-29,19.639999,20.440001,19.610001,20,18.555004,20900000
2011-05-02,20.42,20.43,19.629999,19.73,18.304518,15345600
2011-05-03,19.5,19.559999,18.549999,18.790001,17.432432,20200000
2011-05-04,18.85,19.059999,18.299999,18.65,17.302546,15983900
2011-05-05,18.5,18.879999,18.25,18.66,17.311823,13600000
2011-05-06,19.049999,19.5,18.9,19.32,17.924135,21027000
2011-05-09,19.379999,19.85,19.33,19.75,18.323067,17658200
2011-05-10,19.91,19.93,19.58,19.780001,18.350899,17274400
2011-05-11,19.879999,20.08,19.6,19.870001,18.434401,15400000
2011-05-12,19.799999,20.52,19.75,20.5,19.018881,30600000
2011-05-13,19.200001,19.25,18.120001,18.26,16.940723,50629800
2011-05-16,18.209999,18.25,17.690001,17.700001,16.421181,18204700
2011-05-17,17.639999,17.65,17.120001,17.629999,16.356236,35509100
2011-05-18,17.700001,18.190001,17.639999,18.040001,16.73661,16471100
2011-05-19,18.18,18.190001,17.51,17.780001,16.495398,16272100
2011-05-20,17.74,18.129999,17.66,18.09,16.783005,14395500
2011-05-23,17.83,18.200001,17.6,18.07,16.764452,14700000
2011-05-24,18.16,18.870001,18.110001,18.139999,16.829386,18009300
2011-05-25,18.049999,18.48,17.870001,18.360001,17.033497,13632800
2011-05-26,18.360001,18.98,18.309999,18.82,17.46026,17660900
2011-05-27,18.9,19.530001,18.879999,19.5,18.091133,16470600
2011-05-31,19.879999,20.049999,19.4,20.040001,18.592119,30017900
2011-06-01,19.950001,19.98,19.1,19.139999,17.757139,19055200
2011-06-02,19.17,19.309999,18.82,19.049999,17.673643,15189800
2011-06-03,18.83,19,18.370001,18.459999,17.12627,13732500
2011-06-06,18.43,18.6,18.049999,18.07,16.764452,10899700
2011-06-07,18.209999,18.309999,17.98,18.059999,16.755173,10848900
2011-06-08,17.969999,18.08,17.43,17.57,16.300573,14232200
2011-06-09,17.559999,17.6,16.74,17.370001,16.115021,18540800
2011-06-10,17.4,17.51,16.98,17.120001,15.883084,12338700
2011-06-13,17.120001,17.34,16.879999,17,15.771758,14369000
2011-06-14,17.15,17.52,17.07,17.139999,15.901643,13364400
2011-06-15,16.91,17.01,16.42,16.77,15.558371,23397900
2011-06-16,16.780001,17.040001,15.95,16.190001,15.020278,25622700
2011-06-17,16.379999,16.389999,15.31,15.81,14.667732,36697100
2011-06-20,15.67,16,15.5,15.62,14.491461,18649000
2011-06-21,15.68,16.08,15.53,15.96,14.806894,17606900
2011-06-22,15.85,16.059999,15.71,15.74,14.602789,16293000
2011-06-23,15.54,16.32,15.4,16.209999,15.038831,18600600
2011-06-24,16.129999,16.27,15.64,15.74,14.602789,13226300
2011-06-27,15.74,15.84,14.86,15.41,14.296635,28553800
2011-06-28,15.41,15.68,15.3,15.5,14.380129,17305000
2011-06-29,15.6,15.9,15.06,15.74,14.602789,24013600
2011-06-30,15.78,16.110001,15.54,15.94,14.78834,16307500
2011-07-01,15.94,16.209999,15.62,16.15,14.983169,13520100
2011-07-05,16.129999,16.280001,15.74,15.88,14.732677,13382400
2011-07-06,15.87,15.9,15.48,15.67,14.537848,13239500
2011-07-07,15.75,15.83,15.45,15.73,14.593512,24653400
2011-07-08,15.51,15.62,15.3,15.43,14.315187,15487900
2011-07-11,15.14,15.2,14.85,14.89,13.814203,17859700
2011-07-12,14.82,14.96,14.44,14.69,13.628652,21690100
2011-07-13,14.89,14.99,14.52,14.66,13.60082,15859200
2011-07-14,14.72,14.81,14.01,14.08,13.062724,27224900
2011-07-15,14.16,14.25,13.81,14.1,13.081281,20693400
2011-07-18,13.99,14.07,13.62,13.8,12.802954,20455000
2011-07-19,13.84,14.25,13.84,14.22,13.192612,15055600
2011-07-20,14.27,14.35,14,14.04,13.025615,16573900
2011-07-21,14.06,14.8,13.85,14.7,13.63793,28585500
2011-07-22,14.83,15.05,14.64,15,13.916256,18429800
2011-07-25,14.77,14.83,14.55,14.76,13.693595,14173000
2011-07-26,14.34,14.7,14.19,14.4,13.359604,17456900
2011-07-27,14.2,14.27,13.82,13.86,12.858621,16305300
2011-07-28,13.81,14.12,13.59,13.83,12.830788,16204400
2011-07-29,13.69,13.96,13.62,13.83,12.830788,16941400
2011-08-01,14.15,14.61,14.03,14.57,13.517322,25490500
2011-08-02,14.47,15.38,14.42,14.42,13.37816,33910800
2011-08-03,14.45,14.86,14.31,14.81,13.739981,19130900
2011-08-04,14.54,14.54,13.4,13.4,12.431852,24493300
2011-08-05,13.71,13.88,12.6,12.95,12.014365,31764700
2011-08-08,12.32,12.76,11.85,11.93,11.068063,27104500
2011-08-09,12.16,12.95,12,12.93,11.995811,33245800
2011-08-10,12.55,12.91,12.27,12.34,11.448438,28501300
2011-08-11,12.34,13.59,12.34,13.41,12.441133,26969800
2011-08-12,14.84,14.86,12.67,12.88,11.949422,79894600
2011-08-15,13.01,13.4,12.94,13.37,12.404023,21603800
2011-08-16,13.22,13.4,12.75,12.99,12.051476,17921700
2011-08-17,13.03,13.25,12.64,12.81,11.884481,13833200
2011-08-18,12.23,12.35,11.8,11.94,11.07734,20064100
2011-08-19,11.74,12.39,11.65,11.73,10.88251,19033300
2011-08-22,12.06,12.2,11.81,11.94,11.07734,15296900
2011-08-23,12.23,13.24,12.21,13.23,12.274137,23457800
2011-08-24,13.2,13.24,12.7,13.04,12.097863,17187500
2011-08-25,12.78,13.01,12.46,12.48,11.578324,17274200
2011-08-26,12.43,13.14,12.21,13.01,12.070034,18316500
2011-08-29,13.38,13.41,13.07,13.36,12.394744,15038200
2011-08-30,13.27,13.79,13.18,13.68,12.691625,17119000
2011-08-31,13.78,13.92,13.2,13.31,12.348357,17645200
2011-09-01,13.49,13.78,13.27,13.28,12.320523,19057800
2011-09-02,12.98,13.16,12.82,12.92,11.986533,11783900
2011-09-06,12.5,13.21,12.38,13.18,12.227749,17406200
2011-09-07,14.25,14.64,13.86,14.25,13.220443,40165500
2011-09-08,14.11,14.45,13.95,14.18,13.1555,22004100
2011-09-09,14.06,14.44,13.76,13.88,12.877177,21745700
2011-09-12,13.69,14.33,13.69,14.21,13.183331,22912000
2011-09-13,14.33,14.6,14.11,14.53,13.48021,21345900
2011-09-14,14.91,15.47,14.9,15.28,14.176026,38679800
2011-09-15,15.62,15.7,15.36,15.5,14.380129,18822700
2011-09-16,15.53,16.1,15.38,15.46,14.343019,34789700
2011-09-19,15.2,15.31,14.75,15.14,14.04614,24205100
2011-09-20,15.33,15.39,14.68,14.75,13.684316,19810900
2011-09-21,14.83,15.09,14.46,14.47,13.424545,17881300
2011-09-22,13.9,13.92,13.25,13.51,12.533907,32865800
2011-09-23,13.43,14.18,13.35,13.79,12.793676,25286000
2011-09-26,13.96,14,13.2,13.82,12.821508,24303100
2011-09-27,14.17,14.29,13.73,13.84,12.840065,19534700
2011-09-28,13.87,14.22,13.2,13.42,12.450409,30913300
2011-09-29,13.66,13.89,12.75,13.09,12.144253,21660400
2011-09-30,12.88,12.95,12.49,12.51,11.606155,16944600
2011-10-03,12.35,12.74,11.81,11.81,10.956731,23747400
2011-10-04,11.52,12.9,11.47,12.9,11.967978,34038700
2011-10-05,12.87,13.48,12.61,13.36,12.394744,21417700
2011-10-06,13.43,13.93,13.41,13.89,12.886452,19329800
2011-10-07,13.95,14.36,13.66,14.15,13.127666,20174400
2011-10-10,14.39,14.78,14.36,14.78,13.712149,13359400
2011-10-11,14.66,14.9,14.57,14.62,13.56371,20402000
2011-10-12,14.9,14.91,14.6,14.61,13.554433,15301600
2011-10-13,14.54,15.49,14.5,15.46,14.343019,21370800
2011-10-14,15.73,15.89,15.34,15.72,14.584237,17561300
2011-10-17,15.54,15.54,14.86,14.94,13.860589,15294500
2011-10-18,14.86,15.52,14.77,15.48,14.361575,14772900
2011-10-19,15.5,15.77,15.13,15.17,14.07397,13939200
2011-10-20,14.76,14.82,13.84,14.41,13.368881,24757700
2011-10-21,14.59,14.83,14.24,14.48,13.433825,15710700
2011-10-24,14.54,15.25,14.51,15.02,13.934813,13381400
2011-10-25,14.81,14.93,14.42,14.45,13.405992,14449900
2011-10-26,14.73,14.81,14.2,14.62,13.56371,12577900
2011-10-27,15.16,15.4,14.82,15.25,14.148191,14443300
2011-10-28,15.12,15.74,15.08,15.6,14.472906,12253900
2011-10-31,15.1,15.19,14.8,14.8,13.730702,12999600
2011-11-01,14.26,14.3,13.92,14.06,13.04417,19770600
2011-11-02,14.2,14.27,13.53,13.82,12.821508,24040200
2011-11-03,13.97,14.68,13.6,14.65,13.591542,18734300
2011-11-04,14.52,14.87,14.29,14.82,13.749259,16371000
2011-11-07,14.71,14.96,14.4,14.74,13.675039,15338400
2011-11-08,14.93,15.17,14.69,15.08,13.990474,13743200
2011-11-09,14.73,14.92,14.26,14.32,13.285383,13306100
2011-11-10,14.67,14.82,14.11,14.47,13.424545,24762100
2011-11-11,14.88,15.1,14.07,14.98,13.897701,43789000
2011-11-14,14.98,15.13,14.65,14.69,13.628652,12507300
2011-11-15,14.55,14.99,14.51,14.88,13.804923,12641500
2011-11-16,14.6,14.99,14.53,14.58,13.526602,12810500
2011-11-17,14.55,14.59,13.8,14.06,13.04417,16437600
2011-11-18,14.14,14.14,13.78,13.93,12.923561,12533800
2011-11-21,13.71,14.77,13.5,14.63,13.572988,33269700
2011-11-22,14.79,15.16,14.71,15.08,13.990474,32187000
2011-11-23,14.92,15.03,14.43,14.44,13.396713,20633500
2011-11-25,14.25,14.58,14,14.04,13.025615,10165500
2011-11-28,14.5,15.05,14.5,14.83,13.758535,17265400
2011-11-29,14.81,15.1,14.67,14.91,13.832757,15586000
2011-11-30,15.36,15.67,15.23,15.63,14.500735,18258100
2011-12-01,15.5,15.86,15.43,15.82,14.677008,13244000
2011-12-02,15.99,16.049999,15.57,15.72,14.584237,13661600
2011-12-05,15.98,16,15.35,15.48,14.361575,16117400
2011-12-06,15.57,15.6,15.1,15.26,14.157469,14345800
2011-12-07,15.16,15.28,14.85,15.17,14.07397,12750400
2011-12-08,15.02,15.27,14.64,14.69,13.628652,12287200
2011-12-09,14.58,15.02,14.38,14.9,13.823479,13896000
2011-12-12,14.58,14.64,14.26,14.53,13.48021,14330200
2011-12-13,14.72,14.9,14.04,14.13,13.10911,12914900
2011-12-14,14.01,14.09,13.43,13.58,12.598848,15900500
2011-12-15,13.81,13.9,13.43,13.46,12.48752,10878700
2011-12-16,13.57,13.83,13.45,13.51,12.533907,15477900
2011-12-19,13.57,13.73,13.11,13.16,12.209192,11581900
2011-12-20,13.46,13.95,13.46,13.9,12.89573,11130200
2011-12-21,13.82,13.97,13.45,13.72,12.728733,13710600
2011-12-22,13.76,14.35,13.76,14.31,13.276109,14414000
2011-12-23,14.38,14.4,14.05,14.17,13.146222,6223700
2011-12-27,14.11,14.28,14.02,14.06,13.04417,4892800
2011-12-28,14.06,14.09,13.7,13.71,12.71946,5849000
2011-12-29,13.85,14,13.65,13.97,12.960672,5277800
2011-12-30,13.92,14.07,13.84,13.86,12.858621,4673900
2012-01-03,14.3,14.4,14.01,14.04,13.025615,11701100
2012-01-04,14.05,14.26,13.92,14.2,13.174054,8684300
2012-01-05,14.13,14.78,14.07,14.71,13.647205,14088700
2012-01-06,14.7,14.71,14.37,14.54,13.489491,13331300
2012-01-09,14.55,14.82,14.44,14.54,13.489491,12706100
2012-01-10,14.76,14.77,14.38,14.48,13.433825,13658200
2012-01-11,14.35,14.48,14.13,14.19,13.164778,12106800
2012-01-12,14.22,14.23,13.79,14.1,13.081281,16309100
2012-01-13,14,14.03,13.66,13.73,12.738012,12607500
2012-01-17,13.94,13.94,13.5,13.52,12.543186,15679400
2012-01-18,13.78,14.09,13.71,13.98,12.969947,15816900
2012-01-19,14.1,14.37,13.95,14.35,13.313217,15207800
2012-01-20,14.33,14.5,14.17,14.22,13.192612,13656800
2012-01-23,14.23,14.62,14.05,14.61,13.554433,14069800
2012-01-24,14.51,15,14.5,14.94,13.860589,18273000
2012-01-25,14.54,14.89,14.12,14.85,13.777091,31853800
2012-01-26,15.07,15.24,14.63,14.71,13.647205,19991800
2012-01-27,14.62,14.99,14.5,14.91,13.832757,11249900
2012-01-30,14.65,14.87,14.43,14.8,13.730702,9976900
2012-01-31,14.84,14.85,14.51,14.77,13.702874,8947500
2012-02-01,14.94,15.1,14.73,14.93,13.851313,10700500
2012-02-02,15.01,15.55,14.86,15.49,14.370854,17405900
2012-02-03,15.72,15.95,15.69,15.82,14.677008,12380800
2012-02-06,15.74,15.76,15.56,15.7,14.565679,6971700
2012-02-07,15.72,15.83,15.46,15.74,14.602789,10257400
2012-02-08,15.74,16.620001,15.66,16.309999,15.131609,21190300
2012-02-09,16.51,16.6,16.27,16.299999,15.122328,14048600
2012-02-10,16.139999,16.200001,15.81,15.9,14.75123,11006700
2012-02-13,16.299999,16.360001,15.82,16.15,14.983169,15266700
2012-02-14,16.15,16.379999,16.01,16.24,15.066667,11343900
2012-02-15,16.389999,16.9,16.129999,16.17,15.001724,27771400
2012-02-16,15.06,16.58,15,16.450001,15.261496,47214700
2012-02-17,16.459999,16.57,15.7,15.85,14.704844,25509000
2012-02-21,15.84,16.32,15.81,15.93,14.779063,12954400
2012-02-22,15.85,16.24,15.8,15.82,14.677008,12310800
2012-02-23,15.85,16,15.6,15.91,14.760508,8099200
2012-02-24,15.96,15.98,15.72,15.79,14.649179,9166700
2012-02-27,15.59,15.66,15.25,15.47,14.3523,18631700
2012-02-28,15.47,15.65,15.17,15.33,14.222414,17497100
2012-02-29,15.38,15.64,15.14,15.15,14.055418,17229900
2012-03-01,15.21,15.43,15.15,15.25,14.148191,11248600
2012-03-02,15.2,15.6,15.2,15.38,14.268799,17101900
2012-03-05,15.27,15.3,14.75,14.86,13.786369,12871200
2012-03-06,14.69,14.81,14.46,14.72,13.656487,11785000
2012-03-07,14.8,14.87,14.6,14.81,13.739981,11049600
2012-03-08,14.85,15.01,14.77,14.86,13.786369,10771300
2012-03-09,14.9,15.01,14.74,14.82,13.749259,9195900
2012-03-12,14.88,14.98,14.55,14.59,13.535878,7498700
2012-03-13,14.65,14.87,14.58,14.79,13.721429,13832200
2012-03-14,14.79,14.82,14.32,14.37,13.331771,18392700
2012-03-15,14.41,14.66,14.36,14.58,13.526602,9559500
2012-03-16,14.59,14.66,14.51,14.6,13.545156,10708500
2012-03-19,14.68,14.75,14.57,14.64,13.582266,10135000
2012-03-20,14.56,14.56,14.27,14.4,13.359604,11240400
2012-03-21,14.4,14.59,14.24,14.46,13.415271,11696000
2012-03-22,14.35,14.56,14.31,14.44,13.396713,10634300
2012-03-23,14.4,14.59,14.3,14.55,13.498769,7886400
2012-03-26,14.69,14.79,14.55,14.72,13.656487,7215000
2012-03-27,14.78,15,14.75,14.82,13.749259,10499200
2012-03-28,15.01,15.36,14.9,15.16,14.064694,22311200
2012-03-29,15.14,15.35,14.95,15.23,14.129636,9317500
2012-03-30,15.36,15.49,15.14,15.4,14.287354,13181000
2012-04-02,15.36,15.49,15.11,15.33,14.222414,10194400
2012-04-03,15.44,15.46,15,15.08,13.990474,10761900
2012-04-04,14.85,15.04,14.56,14.65,13.591542,12397400
2012-04-05,14.67,14.85,14.58,14.63,13.572988,9235600
2012-04-09,14.4,14.49,14.16,14.44,13.396713,9137600
2012-04-10,14.38,14.58,14.09,14.16,13.136945,11759000
2012-04-11,14.35,14.65,14.3,14.34,13.30394,9324000
2012-04-12,14.36,14.76,14.3,14.68,13.619374,9621700
2012-04-13,14.55,14.63,14.15,14.16,13.136945,7783100
2012-04-16,14.26,14.3,13.76,13.99,12.979226,11586700
2012-04-17,14.03,14.2,13.97,14.02,13.007059,11517400
2012-04-18,13.93,14,13.7,13.87,12.867896,10019100
2012-04-19,13.69,14.21,13.59,13.66,12.673068,16679700
2012-04-20,13.74,13.78,13.36,13.39,12.422578,12739800
2012-04-23,13.16,13.29,12.91,13.23,12.274137,17656100
2012-04-24,13.27,13.38,12.75,12.82,11.893761,18261000
2012-04-25,13.01,13.18,12.77,13.08,12.134975,18177800
2012-04-26,13.07,13.2,12.98,13.09,12.144253,13480200
2012-04-27,13.07,13.15,12.84,12.98,12.042197,11883900
2012-04-30,12.91,13.07,12.82,13,12.060753,6556700
2012-05-01,12.93,13.37,12.93,13.23,12.274137,10217000
2012-05-02,13.18,13.23,12.78,12.85,11.921593,17100200
2012-05-03,12.88,12.96,12.55,12.63,11.717487,10488400
2012-05-04,12.55,12.62,12.26,12.26,11.374218,13627300
2012-05-07,12.48,12.69,12.37,12.47,11.569046,15111000
2012-05-08,12.36,12.54,12.14,12.46,11.559768,11557800
2012-05-09,12.24,12.61,12.12,12.51,11.606155,13015200
2012-05-10,12.63,12.65,12.22,12.42,11.522659,14927300
2012-05-11,13.45,13.68,13.16,13.21,12.255581,35878500
2012-05-14,13.1,13.33,12.83,13.13,12.181364,10936800
2012-05-15,13.13,13.42,12.94,13,12.060753,14998500
2012-05-16,13.02,13.17,12.7,12.74,11.819538,11762100
2012-05-17,12.79,12.91,12.65,12.65,11.736041,8384100
2012-05-18,12.68,12.74,12.02,12.08,11.207224,14182200
2012-05-21,12.1,12.35,12.02,12.29,11.402054,10406500
2012-05-22,12.28,12.3,11.96,12.14,11.262888,10253500
2012-05-23,12.01,12.46,11.83,12.44,11.541213,12400000
2012-05-24,12.51,12.53,12.02,12.11,11.235054,13010500
2012-05-25,12.1,12.5,12.1,12.4,11.504104,9793800
2012-05-29,12.6,12.8,12.55,12.72,11.800986,7750000
2012-05-30,12.58,12.67,12.35,12.57,11.661822,9494800
2012-05-31,12.57,12.62,12.27,12.43,11.531938,8954800
2012-06-01,12.17,12.29,11.96,11.98,11.114449,11024600
2012-06-04,12.04,12.11,11.63,11.73,10.88251,10821400
2012-06-05,11.67,12.1,11.67,12.07,11.197945,9130600
2012-06-06,12.16,12.42,12.07,12.39,11.494826,9224200
2012-06-07,12.57,12.64,11.88,11.89,11.030951,13169500
2012-06-08,11.93,12.16,11.91,12.12,11.244333,9257700
2012-06-11,12.51,12.73,12.23,12.26,11.374218,20977000
2012-06-12,12.4,12.63,12.38,12.51,11.606155,12403200
2012-06-13,12.5,12.53,12.12,12.18,11.299998,12356900
2012-06-14,12.16,12.26,11.91,12.03,11.160835,14747100
2012-06-15,12.12,12.3,12.01,12.29,11.402054,9632200
2012-06-18,12.2,12.5,12.1,12.4,11.504104,7610600
2012-06-19,12.91,13.43,12.85,13.24,12.283413,24011900
2012-06-20,13.37,13.7,13.29,13.45,12.478241,24318000
2012-06-21,13.44,13.44,12.81,12.84,11.912314,12909400
2012-06-22,13,13.15,12.82,13,12.060753,21634000
2012-06-25,13.01,13.05,12.54,12.59,11.680376,12365400
2012-06-26,12.66,12.82,12.48,12.73,11.810263,10928800
2012-06-27,12.74,13.23,12.74,13.14,12.19064,12651600
2012-06-28,13.02,13.32,12.91,13.24,12.283413,13647400
2012-06-29,13.55,13.85,13.54,13.82,12.821508,15412700
2012-07-02,13.89,13.9,13.34,13.45,12.478241,14542100
2012-07-03,13.45,13.83,13.44,13.8,12.802954,5482100
2012-07-05,13.71,13.77,13.45,13.66,12.673068,7001900
2012-07-06,13.56,13.6,13.25,13.4,12.431852,9569000
2012-07-09,13.32,13.38,13.11,13.22,12.264858,7658400
2012-07-10,13.08,13.47,12.72,12.82,11.893761,12800700
2012-07-11,12.86,13.02,12.55,12.61,11.698931,12130400
2012-07-12,12.47,12.49,12.29,12.4,11.504104,11804000
2012-07-13,12.41,12.62,12.33,12.56,11.652543,8106500
2012-07-16,12.48,12.7,12.36,12.6,11.689655,8361500
2012-07-17,12.64,12.71,12.16,12.37,11.476271,11186900
2012-07-18,12.34,13.24,12.28,13.06,12.116418,15400200
2012-07-19,13.15,13.36,13.06,13.19,12.237027,10075900
2012-07-20,13.11,13.2,12.67,12.81,11.884481,11275000
2012-07-23,12.47,13.07,12.33,12.98,12.042197,11289600
2012-07-24,13,13.08,12.69,12.84,11.912314,8779100
2012-07-25,12.8,13.22,12.74,13.09,12.144253,10376100
2012-07-26,13.33,13.48,13.05,13.15,12.199916,8461000
2012-07-27,13.2,13.52,13.1,13.48,12.506074,9412900
2012-07-30,13.48,13.65,13.22,13.33,12.366912,9088800
2012-07-31,13.33,13.73,13.31,13.54,12.561738,9694700
2012-08-01,13.62,13.75,13.33,13.39,12.422578,8397800
2012-08-02,13.32,13.64,13.1,13.44,12.468964,9197800
2012-08-03,13.65,13.86,13.33,13.72,12.728733,8163700
2012-08-06,13.85,14.08,13.83,14.01,12.997783,9008100
2012-08-07,14.18,14.3,14.07,14.15,13.127666,10183500
2012-08-08,14.14,14.38,14.1,14.23,13.201885,12926600
2012-08-09,14.25,14.74,14.23,14.71,13.647205,20557500
2012-08-10,15.1,15.22,14.43,14.62,13.56371,31968600
2012-08-13,14.64,14.82,14.58,14.81,13.739981,11181100
2012-08-14,14.86,14.88,14.53,14.59,13.535878,9720700
2012-08-15,14.64,14.76,14.41,14.48,13.433825,14860100
2012-08-16,14.61,14.83,14.56,14.78,13.712149,9275200
2012-08-17,14.78,14.78,14.52,14.65,13.591542,7746600
2012-08-20,14.6,14.67,14.43,14.65,13.591542,7859800
2012-08-21,14.7,14.79,14.46,14.61,13.554433,8506200
2012-08-22,14.52,14.7,14.47,14.64,13.582266,7838900
2012-08-23,14.61,14.62,14.25,14.31,13.276109,9476000
2012-08-24,14.31,14.67,14.28,14.6,13.545156,8693100
2012-08-27,14.59,14.63,14.34,14.35,13.313217,8523600
2012-08-28,14.24,14.43,14.21,14.29,13.257553,7769100
2012-08-29,14.28,14.41,14.25,14.32,13.285383,6260300
2012-08-30,14.29,14.34,13.98,14.05,13.03489,7687200
2012-08-31,14.15,14.25,13.89,14.03,13.016336,12126600
2012-09-04,13.8,13.85,13.15,13.28,12.320523,17361300
2012-09-05,13.33,13.52,13.18,13.32,12.357635,12006400
2012-09-06,13.42,14.09,13.41,13.73,12.738012,16432400
2012-09-07,13.38,13.49,12.95,13.4,12.431852,19526600
2012-09-10,13.37,13.56,13.25,13.28,12.320523,9277700
2012-09-11,13.27,13.65,13.22,13.44,12.468964,9570200
2012-09-12,13.55,13.66,13.42,13.59,12.608127,8065200
2012-09-13,13.71,13.76,13.42,13.68,12.691625,10845900
2012-09-14,13.67,14.08,13.67,13.84,12.840065,8486700
2012-09-17,13.87,13.87,13.31,13.46,12.48752,12333700
2012-09-18,13.31,13.71,13.3,13.55,12.571019,8998800
2012-09-19,13.58,13.9,13.42,13.71,12.71946,11298400
2012-09-20,13.68,13.75,13.5,13.61,12.62668,8014900
2012-09-21,13.63,13.75,13.58,13.67,12.682346,8503400
2012-09-24,13.45,13.68,13.43,13.66,12.673068,8945800
2012-09-25,13.84,13.9,13.39,13.41,12.441133,12038600
2012-09-26,13.36,13.37,13.02,13.18,12.227749,10920300
2012-09-27,13.21,13.3,13.1,13.28,12.320523,13972200
2012-09-28,13.22,13.53,13.05,13.34,12.376188,12137700
2012-10-01,13.4,13.48,13.07,13.12,12.172082,12605900
2012-10-02,13.21,13.21,13.02,13.17,12.218472,7387300
2012-10-03,13.2,13.24,12.97,13.04,12.097863,10771800
2012-10-04,13.07,13.7,13,13.62,12.635959,12565200
2012-10-05,13.66,13.8,13.25,13.3,12.339078,12076700
2012-10-08,13.25,13.31,13.07,13.17,12.218472,6014900
2012-10-09,13.15,13.19,12.85,12.89,11.958703,9159000
2012-10-10,12.83,12.89,12.62,12.67,11.754596,8164200
2012-10-11,12.79,12.83,12.64,12.74,11.819538,8012900
2012-10-12,12.65,12.75,12.55,12.63,11.717487,6517400
2012-10-15,12.65,12.8,12.5,12.79,11.865928,6239500
2012-10-16,12.9,13.2,12.78,13.16,12.209192,9192400
2012-10-17,13,13.12,12.87,13.06,12.116418,9793800
2012-10-18,13.03,13.03,12.81,12.86,11.93087,6369300
2012-10-19,12.67,12.76,12.04,12.11,11.235054,17735300
2012-10-22,12.16,12.23,11.87,11.97,11.105171,12021000
2012-10-23,11.86,12.41,11.83,12.33,11.439161,14348700
2012-10-24,12.41,12.46,12.05,12.17,11.290721,8322900
2012-10-25,12.27,12.4,12.13,12.18,11.299998,7683900
2012-10-26,12.2,12.27,12.05,12.05,11.179388,9734400
2012-10-31,12.1,12.2,11.95,11.98,11.114449,8677800
2012-11-01,12.04,12.56,12.03,12.55,11.643268,11830500
2012-11-02,12.68,12.7,12.41,12.49,11.587601,6417500
2012-11-05,12.46,13.07,12.46,13.02,12.079308,11121000
2012-11-06,13.05,13.05,12.79,13.01,12.070034,8770100
2012-11-07,12.91,12.99,12.55,12.61,11.698931,8115500
2012-11-08,12.75,13.08,12.65,12.68,11.763875,20975600
2012-11-09,12.75,12.9,12.15,12.19,11.309276,21157000
2012-11-12,12.21,12.26,11.8,11.92,11.058783,16090600
2012-11-13,11.86,12.13,11.82,11.83,10.975286,12303000
2012-11-14,11.9,12.02,11.53,11.54,10.706239,15482500
2012-11-15,11.61,11.91,11.51,11.59,10.752625,11667200
2012-11-16,11.59,11.63,11.15,11.38,10.557797,15613800
2012-11-19,11.59,11.74,11.45,11.7,10.854679,10102300
2012-11-20,11.58,11.63,11.37,11.49,10.728623,8424400
2012-11-21,11.49,11.85,11.48,11.82,11.036758,10557800
2012-11-23,11.87,12.04,11.81,11.9,11.111453,6923300
2012-11-26,11.92,12.14,11.9,12.11,11.307542,9115000
2012-11-27,12.06,12.34,11.96,12.16,11.354228,11285100
2012-11-28,12.11,12.32,11.96,12.26,11.447602,9958300
2012-11-29,12.28,12.34,12,12.04,11.242178,12217200
2012-11-30,12.03,12.12,11.9,11.97,11.176818,11512600
2012-12-03,12.12,12.12,11.72,11.75,10.971394,9784500
2012-12-04,11.77,12.12,11.7,12.1,11.298203,13201700
2012-12-05,12,12.08,11.79,11.96,11.16748,15825600
2012-12-06,11.93,12.06,11.89,11.98,11.186153,10322400
2012-12-07,11.99,12.05,11.82,11.96,11.16748,8457200
2012-12-10,11.96,12.45,11.93,12.36,11.540975,12841100
2012-12-11,12.4,12.81,12.37,12.65,11.811757,20418100
2012-12-12,12.69,12.76,12.47,12.52,11.690372,9985100
2012-12-13,12.5,12.77,12.41,12.53,11.699711,9438900
2012-12-14,12.58,12.72,12.49,12.59,11.755735,8466500
2012-12-17,12.56,12.63,12.35,12.54,11.709046,11130800
2012-12-18,12.54,12.7,12.5,12.56,11.727723,10410900
2012-12-19,12.65,12.8,12.6,12.65,11.811757,11463600
2012-12-20,12.7,12.71,12.5,12.64,11.802422,8358300
2012-12-21,12.47,12.47,12.21,12.35,11.531637,11554300
2012-12-24,12.34,12.38,12.21,12.25,11.438264,3184400
2012-12-26,12.22,12.42,12.19,12.24,11.428926,4918500
2012-12-27,12.26,12.28,12.02,12.16,11.354228,7495100
2012-12-28,12.05,12.29,12.03,12.1,11.298203,5515000
2012-12-31,12.06,12.31,12.03,12.26,11.447602,8161500
2013-01-02,12.56,12.73,12.51,12.72,11.877119,11970900
2013-01-03,12.72,12.87,12.58,12.73,11.886457,7472200
2013-01-04,12.75,13.19,12.71,13.15,12.278625,13124200
2013-01-07,13.14,13.18,12.68,12.77,11.923806,15268300
2013-01-08,12.8,12.84,12.4,12.49,11.662361,11660600
2013-01-09,12.59,12.65,12.13,12.21,11.400912,17375500
2013-01-10,12.32,12.38,12.16,12.23,11.419591,12659200
2013-01-11,12.28,12.29,12.09,12.21,11.400912,12829300
2013-01-14,12.29,12.29,12.06,12.2,11.391577,7642100
2013-01-15,12.14,12.14,11.91,11.98,11.186153,9397200
2013-01-16,11.96,12.19,11.96,12.09,11.288865,8434400
2013-01-17,12.13,12.3,12.1,12.25,11.438264,14518400
2013-01-18,12.25,12.25,12.02,12.17,11.363564,9927200
2013-01-22,12.16,12.27,12.05,12.11,11.307542,7705600
2013-01-23,12.15,12.16,12,12.13,11.326213,10545200
2013-01-24,12.09,12.24,12.03,12.19,11.382239,9924500
2013-01-25,12.21,12.42,12.15,12.41,11.587662,9848000
2013-01-28,12.47,12.69,12.44,12.61,11.774408,10562300
2013-01-29,12.56,12.59,12.29,12.34,11.5223,9721800
2013-01-30,12.35,12.52,12.28,12.32,11.503626,7189800
2013-01-31,12.32,12.46,12.18,12.26,11.447602,11763600
2013-02-01,12.36,12.41,12.26,12.37,11.550311,7220400
2013-02-04,12.3,12.55,12.15,12.16,11.354228,12793600
2013-02-05,12.22,12.51,12.18,12.44,11.615674,9182400
2013-02-06,12.14,12.44,12.07,12.34,11.5223,13267200
2013-02-07,12.3,12.4,12.17,12.29,11.475614,11000000
2013-02-08,12.37,12.47,12.29,12.37,11.550311,7680800
2013-02-11,12.47,12.64,12.35,12.51,11.681035,10207700
2013-02-12,12.4,12.57,12.38,12.43,11.606338,6945100
2013-02-13,12.44,12.67,12.33,12.37,11.550311,21409900
2013-02-14,12.2,12.74,12.05,12.73,11.886457,22052400
2013-02-15,12.7,12.79,12.45,12.73,11.886457,18346500
2013-02-19,12.74,12.75,12.48,12.56,11.727723,10838800
2013-02-20,12.6,12.8,12.34,12.38,11.559649,17825300
2013-02-21,12.36,12.5,12.26,12.29,11.475614,14510200
2013-02-22,12.37,12.53,12.3,12.52,11.690372,9253700
2013-02-25,12.55,12.65,12.28,12.3,11.48495,16111100
2013-02-26,12.25,12.44,12.21,12.37,11.621171,12187600
2013-02-27,12.37,12.69,12.34,12.6,11.837249,11924500
2013-02-28,12.56,12.85,12.51,12.66,11.893616,14784800
2013-03-01,12.57,12.75,12.46,12.71,11.940593,9734900
2013-03-04,12.62,12.78,12.52,12.66,11.893616,8842000
2013-03-05,12.73,12.82,12.67,12.8,12.025143,9154200
2013-03-06,12.88,13,12.73,12.79,12.015747,8573200
2013-03-07,12.86,12.99,12.69,12.76,11.987562,7870600
2013-03-08,12.79,12.88,12.73,12.82,12.043933,6161600
2013-03-11,12.69,12.75,12.59,12.7,11.931194,7493700
2013-03-12,12.68,12.78,12.56,12.74,11.968773,7771400
2013-03-13,12.74,12.96,12.62,12.74,11.968773,12146000
2013-03-14,12.82,12.86,12.67,12.75,11.978168,9582600
2013-03-15,12.75,12.75,12.59,12.64,11.874827,8894400
2013-03-18,12.56,12.67,12.46,12.55,11.790277,7457800
2013-03-19,12.56,12.62,12.38,12.47,11.715118,8887000
2013-03-20,12.59,12.66,12.48,12.62,11.856039,8514700
2013-03-21,12.55,12.57,12.4,12.42,11.668145,8475800
2013-03-22,12.46,12.53,12.41,12.48,11.724513,5811900
2013-03-25,12.55,12.56,12.32,12.41,11.65875,9051900
2013-03-26,12.44,12.51,12.39,12.5,11.743305,5813500
2013-03-27,12.45,12.72,12.42,12.65,11.884221,6373600
2013-03-28,12.62,12.84,12.53,12.83,12.053327,8731900
2013-04-01,12.8,12.8,12.32,12.41,11.65875,11070700
2013-04-02,12.42,12.45,12.2,12.28,11.536622,9288100
2013-04-03,12.26,12.33,12.04,12.13,11.395702,8828900
2013-04-04,12.09,12.29,12.05,12.25,11.508437,7366900
2013-04-05,12.07,12.46,12.04,12.46,11.705722,13783800
2013-04-08,12.47,12.47,12.2,12.43,11.677542,8166500
2013-04-09,12.44,12.72,12.35,12.63,11.865433,9514600
2013-04-10,12.64,12.85,12.61,12.83,12.053327,9617200
2013-04-11,12.65,12.85,12.3,12.77,11.996961,24230500
2013-04-12,12.83,13.23,12.72,13.09,12.297586,19263700
2013-04-15,13.05,13.09,12.74,12.82,12.043933,10760500
2013-04-16,12.94,13.05,12.87,12.96,12.175455,11721100
2013-04-17,12.86,12.98,12.71,12.79,12.015747,13323700
2013-04-18,12.82,12.9,12.54,12.54,11.780882,10063700
2013-04-19,12.53,12.61,12.37,12.57,11.809065,7575700
2013-04-22,12.56,12.7,12.46,12.59,11.827855,6139200
2013-04-23,12.7,13.05,12.68,12.92,12.137878,9423700
2013-04-24,12.96,13.47,12.95,13.36,12.551243,13913900
2013-04-25,13.43,13.5,13.31,13.47,12.654584,8830600
2013-04-26,13.45,13.47,13.34,13.41,12.598215,8108300
2013-04-29,13.43,13.62,13.37,13.57,12.748531,6742800
2013-04-30,13.6,13.77,13.51,13.77,12.936422,6917800
2013-05-01,13.77,13.86,13.6,13.65,12.823686,8532900
2013-05-02,13.64,13.85,13.56,13.81,12.974002,8087000
2013-05-03,13.9,13.97,13.82,13.87,13.030371,7346600
2013-05-06,13.87,13.95,13.75,13.83,12.992789,5427900
2013-05-07,13.83,13.86,13.52,13.65,12.823686,11201700
2013-05-08,13.67,13.98,13.62,13.9,13.058553,8350800
2013-05-09,13.65,13.97,13.63,13.91,13.067948,14170000
2013-05-10,14.2,14.6,14.2,14.54,13.65981,21528400
2013-05-13,14.44,14.5,14.18,14.24,13.377972,7245300
2013-05-14,14.41,14.57,14.27,14.45,13.575255,11353500
2013-05-15,14.38,14.75,14.38,14.7,13.810123,7829300
2013-05-16,14.68,14.83,14.58,14.63,13.744362,7709200
2013-05-17,14.7,14.97,14.59,14.87,13.969831,7802900
2013-05-20,14.81,14.9,14.76,14.84,13.941649,5909500
2013-05-21,14.85,14.98,14.68,14.92,14.088005,8944600
2013-05-22,14.98,14.98,14.34,14.4,13.597005,12010100
2013-05-23,14.23,14.68,14.19,14.63,13.81418,9847100
2013-05-24,14.55,14.67,14.38,14.54,13.729196,7082600
2013-05-28,14.65,14.69,14.39,14.53,13.719753,6982500
2013-05-29,14.44,14.53,14.38,14.44,13.634771,8376300
2013-05-30,14.42,14.78,14.38,14.63,13.81418,7112600
2013-05-31,14.55,14.76,14.47,14.47,13.6631,14437700
2013-06-03,14.49,14.6,14.15,14.45,13.644214,11111700
2013-06-04,14.54,14.8,14.38,14.47,13.6631,9091900
2013-06-05,14.45,14.56,14.12,14.16,13.370387,11613000
2013-06-06,14.16,14.36,14.15,14.25,13.455367,8526100
2013-06-07,14.35,14.54,14.29,14.45,13.644214,6864600
2013-06-10,14.41,14.53,14.33,14.44,13.634771,5603700
2013-06-11,14.25,14.45,14.17,14.17,13.379829,7408400
2013-06-12,14.24,14.36,13.97,14.05,13.266521,7814700
2013-06-13,14,14.44,13.99,14.37,13.568675,5906400
2013-06-14,14.42,14.44,14.25,14.35,13.549792,5900300
2013-06-17,14.46,14.62,14.38,14.49,13.681985,6383400
2013-06-18,14.56,14.72,14.28,14.4,13.597005,12169300
2013-06-19,14.53,15.48,14.48,14.84,14.012465,28989700
2013-06-20,14.72,14.74,14.34,14.44,13.634771,15717400
2013-06-21,14.52,14.57,14.18,14.42,13.615887,17855700
2013-06-24,14.21,14.39,13.91,14.12,13.332618,14519300
2013-06-25,14.27,14.3,14.07,14.22,13.427041,11434000
2013-06-26,14.38,14.4,14.08,14.14,13.351501,14493800
2013-06-27,14.18,14.2,13.86,14.01,13.228752,20200900
2013-06-28,14.01,14.18,13.83,14.04,13.257078,10788400
2013-07-01,14.14,14.17,14.01,14.1,13.313732,4988100
2013-07-02,14.02,14.3,13.96,14.09,13.30429,6409800
2013-07-03,13.97,14.3,13.97,14.13,13.342061,3509700
2013-07-05,14.17,14.27,14.08,14.24,13.445925,4617100
2013-07-08,14.28,14.35,14.09,14.17,13.379829,6552100
2013-07-09,14.2,14.33,14.16,14.24,13.445925,3934100
2013-07-10,14.24,14.47,14.2,14.43,13.625331,5211700
2013-07-11,14.51,14.65,14.48,14.63,13.81418,5995800
2013-07-12,14.6,14.78,14.55,14.64,13.823618,5409000
2013-07-15,14.67,14.67,14.38,14.61,13.795292,5033300
2013-07-16,14.67,14.77,14.6,14.69,13.870831,4064000
2013-07-17,14.69,14.74,14.57,14.61,13.795292,4152500
2013-07-18,14.59,14.64,14.36,14.55,13.73864,8612200
2013-07-19,14.46,14.53,14.09,14.24,13.445925,12013300
2013-07-22,14.35,14.48,14.17,14.23,13.436483,7309600
2013-07-23,14.41,14.41,14.14,14.21,13.417598,6169800
2013-07-24,14.34,14.38,14.19,14.21,13.417598,7106300
2013-07-25,14.2,14.45,14.1,14.26,13.464811,6083000
2013-07-26,14.09,14.29,14.09,14.2,13.408156,5684000
2013-07-29,14.17,14.35,14.13,14.17,13.379829,4488500
2013-07-30,14.22,14.6,14.21,14.41,13.606447,6651900
2013-07-31,14.34,14.58,14.33,14.44,13.634771,6754000
2013-08-01,14.49,14.67,14.32,14.64,13.823618,6941200
2013-08-02,14.61,14.79,14.51,14.76,13.936929,5240700
2013-08-05,14.72,14.88,14.64,14.83,14.003027,4629700
2013-08-06,14.84,14.87,14.58,14.61,13.795292,5165200
2013-08-07,14.53,14.75,14.52,14.6,13.785851,6109500
2013-08-08,14.68,14.77,14.51,14.7,13.880273,8642400
2013-08-09,14.12,14.71,14.11,14.49,13.681985,22655600
2013-08-12,13.9,14.58,13.11,14.37,13.568675,6439200
2013-08-13,14.39,14.48,14.3,14.42,13.615887,4936700
2013-08-14,14.39,15.12,14.38,15.03,14.191873,20712700
2013-08-15,14.87,15.25,14.81,15.13,14.286298,18090400
2013-08-16,15.1,15.4,15.07,15.19,14.342949,16511400
2013-08-19,15.1,15.15,14.94,14.95,14.116331,9835800
2013-08-20,14.87,15.05,14.85,14.95,14.187509,5854800
2013-08-21,14.86,15.05,14.82,14.88,14.12108,6538500
2013-08-22,14.87,15.1,14.87,14.96,14.197,3225400
2013-08-23,14.98,15.1,14.93,14.96,14.197,6128000
2013-08-26,14.97,15.03,14.93,14.99,14.225467,7503800
2013-08-27,14.85,14.95,14.75,14.8,14.045159,6936600
2013-08-28,14.83,14.94,14.74,14.8,14.045159,7970600
2013-08-29,14.75,14.91,14.71,14.77,14.016687,6905400
2013-08-30,14.78,14.82,14.68,14.75,13.997708,9453000
2013-09-03,14.79,14.97,14.67,14.76,14.007201,7117000
2013-09-04,14.76,14.99,14.74,14.9,14.140058,5552000
2013-09-05,14.84,15,14.83,14.94,14.178019,4372600
2013-09-06,14.95,15.03,14.77,14.88,14.12108,5668900
2013-09-09,15,15.13,14.96,15.13,14.358328,6160200
2013-09-10,15.24,15.46,15.17,15.45,14.662006,7303300
2013-09-11,15.43,15.75,15.32,15.71,14.908748,9904100
2013-09-12,15.63,15.9,15.63,15.7,14.899258,7595200
2013-09-13,15.75,15.87,15.64,15.8,14.994157,3992400
2013-09-16,15.93,16.040001,15.75,15.81,15.003646,5785300
2013-09-17,15.87,15.99,15.8,15.86,15.051097,4215200
2013-09-18,15.87,16.040001,15.79,16,15.183955,6704200
2013-09-19,16.07,16.1,15.86,15.93,15.117524,5689300
2013-09-20,15.97,16.07,15.76,15.79,14.984664,8900900
2013-09-23,15.78,15.91,15.55,15.64,14.842317,6781100
2013-09-24,15.65,15.76,15.56,15.7,14.899258,5743300
2013-09-25,15.67,15.84,15.6,15.72,14.918238,5828900
2013-09-26,15.76,15.79,15.58,15.67,14.870788,3720400
2013-09-27,15.55,15.68,15.49,15.58,14.785376,3798000
2013-09-30,15.42,15.67,15.33,15.56,14.766397,5666000
2013-10-01,15.58,15.65,15.46,15.55,14.756907,5674400
2013-10-02,15.39,15.6,15.39,15.54,14.747416,4050900
2013-10-03,15.55,15.69,15.31,15.38,14.595577,10919200
2013-10-04,15.36,15.72,15.32,15.59,14.794868,6155700
2013-10-07,15.53,15.7,15.45,15.59,14.794868,4248800
2013-10-08,15.55,15.77,15.34,15.46,14.671496,7267800
2013-10-09,15.56,15.57,15.14,15.22,14.443739,6896500
2013-10-10,15.33,15.43,15.22,15.39,14.605067,5587100
2013-10-11,15.15,15.34,15.1,15.26,14.481697,5342600
2013-10-14,15.22,15.49,15.22,15.49,14.699967,4165700
2013-10-15,15.49,15.58,15.4,15.41,14.624046,5220500
2013-10-16,15.5,15.66,15.48,15.6,14.804356,5251800
2013-10-17,15.48,15.67,15.48,15.63,14.832829,5333100
2013-10-18,15.6,15.86,15.54,15.81,15.003646,6376700
2013-10-21,16,16.01,15.8,15.85,15.041605,4875200
2013-10-22,15.85,15.86,15.63,15.77,14.965687,4486300
2013-10-23,15.74,15.74,15.45,15.5,14.709456,6305400
2013-10-24,15.54,15.64,15.36,15.39,14.605067,5910900
2013-10-25,15.47,15.48,15.19,15.24,14.462717,8262300
2013-10-28,15.22,15.29,15,15.21,14.434248,9850600
2013-10-29,15.19,15.26,15.05,15.23,14.453227,9698800
2013-10-30,15.28,15.35,15.09,15.22,14.443739,5100800
2013-10-31,15.24,15.35,15.16,15.19,14.415266,7334200
2013-11-01,15.27,15.33,15.15,15.26,14.481697,5153400
2013-11-04,15.31,15.31,14.79,14.82,14.064137,10256600
2013-11-05,14.73,14.87,14.57,14.8,14.045159,10559200
2013-11-06,14.8,14.91,14.65,14.9,14.140058,4951100
2013-11-07,14.85,14.89,14.52,14.55,13.807911,13826900
2013-11-08,15,15.61,14.94,15.56,14.766397,18363300
2013-11-11,15.5,15.73,15.47,15.69,14.889766,7440600
2013-11-12,15.76,15.85,15.54,15.72,14.918238,7900800
2013-11-13,15.68,16.15,15.65,16.15,15.326303,8319800
2013-11-14,16.1,16.32,16.09,16.219999,15.392735,7699500
2013-11-15,16.280001,16.299999,16.01,16.17,15.345284,11258300
2013-11-18,15.82,15.96,15.74,15.78,14.975176,7923700
2013-11-19,15.62,15.76,15.42,15.44,14.731871,5167900
2013-11-20,15.45,15.49,15.18,15.21,14.512421,5119400
2013-11-21,15.23,15.36,15.16,15.33,14.626916,5339200
2013-11-22,15.35,15.35,15.15,15.18,14.483795,3966700
2013-11-25,15.18,15.53,15.18,15.51,14.798662,6205200
2013-11-26,15.68,15.81,15.58,15.64,14.922699,18829400
2013-11-27,15.63,15.75,15.53,15.7,14.979947,4531800
2013-11-29,15.7,15.74,15.5,15.6,14.884534,2924100
2013-12-02,15.54,15.86,15.51,15.75,15.027653,9346800
2013-12-03,15.75,15.96,15.64,15.74,15.018111,7264000
2013-12-04,15.7,15.99,15.66,15.96,15.228023,12329400
2013-12-05,15.99,15.99,15.68,15.7,14.979947,6795300
2013-12-06,15.89,15.89,15.43,15.47,14.760496,7025000
2013-12-09,15.47,15.52,15.18,15.21,14.512421,9630500
2013-12-10,15.21,15.63,15.19,15.56,14.846368,13106700
2013-12-11,15.59,15.61,15.38,15.41,14.703246,10353900
2013-12-12,15.36,15.44,15.08,15.11,14.417006,6468100
2013-12-13,15.14,15.25,15,15.02,14.331135,4614700
2013-12-16,15.03,15.17,15.02,15.04,14.350216,5940500
2013-12-17,15.03,15.15,14.9,15.11,14.417006,6852600
2013-12-18,15.14,15.35,14.95,15.32,14.617374,10655800
2013-12-19,15.3,15.4,15.2,15.38,14.674624,6463600
2013-12-20,15.41,15.7,15.37,15.69,14.970407,9552000
2013-12-23,15.78,15.91,15.65,15.78,15.056277,4214200
2013-12-24,15.87,15.87,15.66,15.82,15.094443,1990000
2013-12-26,15.88,15.93,15.63,15.67,14.951324,4223000
2013-12-27,15.75,15.79,15.66,15.76,15.037196,5274400
2013-12-30,15.77,15.98,15.75,15.97,15.237564,6204500
2013-12-31,16,16.1,15.9,16.02,15.285272,5894400
2014-01-02,15.92,15.98,15.72,15.86,15.132609,6502300
2014-01-03,15.89,15.92,15.62,15.67,14.951324,6483300
2014-01-06,15.83,16,15.68,15.88,15.151693,10237300
2014-01-07,16.040001,16.200001,15.93,16.139999,15.399767,8332200
2014-01-08,16.200001,16.440001,16.139999,16.360001,15.609676,7704800
2014-01-09,16.110001,16.139999,15.7,15.75,15.027653,7304300
2014-01-10,15.8,15.91,15.59,15.73,15.008572,5462300
2014-01-13,15.73,15.83,15.33,15.36,14.655541,6083300
2014-01-14,15.44,15.87,15.37,15.84,15.113526,6045700
2014-01-15,15.91,16.07,15.84,16.01,15.275731,4376100
2014-01-16,16.01,16.09,15.94,16.059999,15.323436,5516300
2014-01-17,16.059999,16.25,15.89,15.99,15.256647,8510000
2014-01-21,16.01,16.15,15.88,16.049999,15.313894,6151900
2014-01-22,16.08,16.1,15.84,16.030001,15.294812,8448500
2014-01-23,15.98,16.15,15.85,15.97,15.237564,4625700
2014-01-24,15.84,15.9,15.56,15.56,14.846368,6167400
2014-01-27,15.56,15.78,15.37,15.46,14.750953,5845300
2014-01-28,15.43,15.62,15.37,15.61,14.894073,4199900
2014-01-29,15.55,15.64,15.45,15.46,14.750953,4073600
2014-01-30,15.55,15.75,15.5,15.72,14.999032,5072400
2014-01-31,15.5,15.79,15.49,15.7,14.979947,8383700
2014-02-03,15.81,15.83,15.43,15.49,14.779579,10793200
2014-02-04,15.48,15.61,15.4,15.58,14.86545,7017300
2014-02-05,15.47,15.52,15.32,15.44,14.731871,5366900
2014-02-06,15.46,15.68,15.44,15.64,14.922699,4209500
2014-02-07,15.68,15.89,15.54,15.87,15.14215,3931200
2014-02-10,15.85,16.129999,15.84,15.92,15.189857,8109300
2014-02-11,16.01,16.290001,15.93,16.25,15.504721,5884600
2014-02-12,16.299999,16.950001,16.299999,16.83,16.058119,18613200
2014-02-13,17.25,17.459999,16.950001,17.360001,16.563816,22570900
2014-02-14,17.200001,17.950001,17.190001,17.91,17.088589,20438400
2014-02-18,17.92,17.98,17.75,17.9,17.079044,10724700
2014-02-19,17.9,18.299999,17.82,18.139999,17.308041,11258500
2014-02-20,18.18,18.82,18.15,18.780001,17.918692,9952200
2014-02-21,18.75,18.99,18.52,18.639999,17.785112,11276300
2014-02-24,18.6,19.049999,18.43,18.91,18.042727,10077800
2014-02-25,18.799999,18.879999,18.540001,18.74,17.961256,6054600
2014-02-26,18.700001,18.98,18.65,18.709999,17.932505,9022100
2014-02-27,18.709999,18.9,18.450001,18.5,17.731232,9721200
2014-02-28,18.4,18.58,18.110001,18.379999,17.616215,8042300
2014-03-03,17.969999,18.290001,17.809999,18.290001,17.529959,9398700
2014-03-04,18.379999,18.6,18.35,18.48,17.712063,6508600
2014-03-05,18.459999,18.65,18.379999,18.639999,17.86541,6036800
2014-03-06,18.67,18.77,18.35,18.379999,17.616215,7253600
2014-03-07,18.459999,18.49,18.219999,18.360001,17.59705,6711300
2014-03-10,18.299999,18.379999,18.01,18.09,17.33827,7522200
2014-03-11,18.18,18.43,18.120001,18.27,17.510788,7430500
2014-03-12,18.18,18.43,18.110001,18.32,17.558706,5985700
2014-03-13,18.360001,18.43,17.65,17.74,17.002813,9629300
2014-03-14,17.559999,17.98,17.559999,17.82,17.079487,11501200
2014-03-17,17.870001,18,17.799999,17.82,17.079487,7491400
2014-03-18,17.889999,18.360001,17.809999,18.24,17.482031,7347600
2014-03-19,18.379999,18.91,18.33,18.559999,17.788742,9154200
2014-03-20,18.459999,18.73,18.379999,18.57,17.798319,4795000
2014-03-21,18.73,18.879999,18.440001,18.540001,17.769571,14152900
2014-03-24,18.549999,18.700001,18.18,18.450001,17.683308,7652400
2014-03-25,18.65,18.67,18.309999,18.450001,17.683308,7610600
2014-03-26,18.620001,18.969999,17.870001,18.030001,17.280767,13943900
2014-03-27,17.99,18.139999,17.59,17.790001,17.050737,13518200
2014-03-28,17.76,18.01,17.709999,17.9,17.156162,9970500
2014-03-31,17.93,18.09,17.809999,17.91,17.165751,6835100
2014-04-01,18.48,18.870001,18.26,18.65,17.874998,16406800
2014-04-02,18.65,18.690001,18.450001,18.530001,17.759985,5998700
2014-04-03,18.57,19.18,18.559999,18.73,17.951674,14988700
2014-04-04,18.83,18.940001,18.07,18.15,17.395773,9200800
2014-04-07,18.16,18.559999,18.059999,18.209999,17.453281,10714400
2014-04-08,18.209999,18.91,18.18,18.860001,18.076275,11767300
2014-04-09,18.950001,19.110001,18.690001,18.84,18.057106,10549200
2014-04-10,18.76,19.02,18.32,18.379999,17.616215,9318700
2014-04-11,18.24,18.52,17.879999,18.120001,17.36702,8827800
2014-04-14,18.24,18.389999,18.120001,18.32,17.558706,7254600
2014-04-15,18.34,18.549999,18.16,18.450001,17.683308,7615900
2014-04-16,18.540001,18.559999,18.26,18.49,17.721649,5878400
2014-04-17,18.42,18.73,18.379999,18.559999,17.788742,3838300
2014-04-21,18.57,18.76,18.450001,18.709999,17.932505,2925100
2014-04-22,18.74,18.99,18.639999,18.870001,18.085855,6378000
2014-04-23,18.9,19.139999,18.870001,19.09,18.296711,6539500
2014-04-24,19.219999,19.459999,19.219999,19.26,18.459652,9787300
2014-04-25,19.219999,19.4,18.690001,18.73,17.951674,7840000
2014-04-28,18.879999,18.98,18.42,18.65,17.874998,5669700
2014-04-29,18.719999,18.76,18.48,18.690001,17.913336,4282500
2014-04-30,18.66,18.68,18.43,18.469999,17.702482,7643500
2014-05-01,18.75,18.790001,18.42,18.57,17.798319,4952600
2014-05-02,18.66,18.66,18.32,18.43,17.664141,3909400
2014-05-05,18.41,18.77,18.389999,18.629999,17.855827,5981500
2014-05-06,18.809999,18.969999,18.200001,18.25,17.491621,10404700
2014-05-07,18.25,18.42,18.07,18.27,17.510788,7347500
2014-05-08,18.200001,18.790001,18.110001,18.5,17.731232,10818200
2014-05-09,17.940001,18.110001,17.709999,18.049999,17.299927,13488300
2014-05-12,18.09,18.620001,18.08,18.58,17.807905,7496400
2014-05-13,18.33,18.629999,18.219999,18.280001,17.520374,5527600
2014-05-14,18.290001,18.360001,18.09,18.1,17.347855,5358000
2014-05-15,18.059999,18.16,17.82,18,17.252012,8147400
2014-05-16,17.860001,18.09,17.860001,17.959999,17.213671,7099000
2014-05-19,18.15,18.639999,18.07,18.540001,17.769571,9001900
2014-05-20,18.459999,18.51,18.15,18.24,17.562553,6405000
2014-05-21,18.309999,18.469999,18.129999,18.24,17.562553,5417800
2014-05-22,18.200001,18.42,18.200001,18.32,17.639582,3259100
2014-05-23,18.42,18.58,18.309999,18.49,17.803268,4566400
2014-05-27,18.6,18.82,18.540001,18.82,18.121012,5242000
2014-05-28,18.889999,19.1,18.709999,18.98,18.275068,5616900
2014-05-29,18.969999,19.129999,18.91,18.950001,18.246189,4297100
2014-05-30,18.950001,19.049999,18.85,19,18.294325,5978200
2014-06-02,19.059999,19.18,18.780001,18.940001,18.236557,4537500
2014-06-03,18.98,19,18.610001,18.860001,18.159529,6080300
2014-06-04,18.809999,19.02,18.799999,18.879999,18.178783,4030900
2014-06-05,18.91,19.02,18.799999,18.959999,18.255816,4717400
2014-06-06,19.049999,19.200001,18.98,19.030001,18.323214,4026300
2014-06-09,19.01,19.23,18.879999,19.049999,18.342472,6186400
2014-06-10,18.98,19.24,18.9,19.15,18.438761,5440200
2014-06-11,19.08,19.450001,19.08,19.4,18.679474,6655700
2014-06-12,19.4,19.610001,19.23,19.52,18.795019,8428700
2014-06-13,19.719999,19.73,19.35,19.540001,18.81427,5696300
2014-06-16,19.450001,19.610001,19.309999,19.48,18.756496,4965500
2014-06-17,19.5,19.690001,19.4,19.610001,18.881672,3940200
2014-06-18,19.559999,19.68,19.379999,19.59,18.862411,5388400
2014-06-19,19.23,19.33,19,19.139999,18.429125,11864800
2014-06-20,19.190001,19.26,18.780001,18.93,18.226929,8828700
2014-06-23,18.68,18.719999,18.459999,18.709999,18.015097,10355000
2014-06-24,18.68,18.83,18.34,18.42,17.735868,6894500
2014-06-25,18.469999,18.620001,18.299999,18.610001,17.918814,5385500
2014-06-26,18.610001,18.620001,18.299999,18.360001,17.678097,6422700
2014-06-27,18.34,18.49,18.23,18.379999,17.69735,7570500
2014-06-30,18.309999,18.59,18.309999,18.540001,17.851414,4512800
2014-07-01,18.52,18.860001,18.459999,18.75,18.053608,8029500
2014-07-02,18.68,18.76,18.57,18.68,17.986212,4482100
2014-07-03,18.51,18.9,18.51,18.85,18.149899,3422300
2014-07-07,18.879999,18.889999,18.67,18.700001,18.005468,3187400
2014-07-08,18.65,18.73,18.370001,18.549999,17.861038,5548500
2014-07-09,18.709999,19.190001,18.57,19.110001,18.400244,9691700
2014-07-10,18.75,19.09,18.6,19.01,18.303957,6657700
2014-07-11,19.030001,19.110001,18.959999,19.049999,18.342472,4779700
2014-07-14,19.129999,19.34,19.059999,19.290001,18.573561,6815900
2014-07-15,19.32,19.42,19.190001,19.370001,18.650587,9886000
2014-07-16,19.450001,19.6,19.24,19.35,18.631329,7993200
2014-07-17,19.129999,19.5,19.129999,19.299999,18.583185,8120800
2014-07-18,18.9,19.049999,18.41,18.440001,17.755121,14195400
2014-07-21,18.370001,18.68,18.370001,18.549999,17.861038,6084100
2014-07-22,18.690001,18.790001,18.43,18.469999,17.78401,7470400
2014-07-23,18.48,18.49,18.059999,18.08,17.408495,7433800
2014-07-24,18.18,18.23,17.98,18.110001,17.437382,6364400
2014-07-25,18.049999,18.09,17.76,17.790001,17.129263,6653300
2014-07-28,17.870001,17.870001,17.42,17.719999,17.061867,8258800
2014-07-29,17.73,18.02,17.719999,17.780001,17.11964,5449300
2014-07-30,17.889999,18.129999,17.84,18.08,17.408495,6154600
2014-07-31,17.860001,18,17.469999,17.5,16.850039,10047000
2014-08-01,17.5,17.790001,17.440001,17.690001,17.032982,5497100
2014-08-04,17.67,17.82,17.559999,17.65,16.994467,6043100
2014-08-05,17.6,17.92,17.450001,17.66,17.004097,7453400
2014-08-06,17.540001,17.860001,17.41,17.639999,16.984838,5586400
2014-08-07,17.790001,17.950001,17.34,17.459999,16.811523,10192400
2014-08-08,18.219999,19.1,18.219999,19,18.294325,22358700
2014-08-11,19.02,19.1,18.85,18.9,18.19804,8615600
2014-08-12,18.889999,19,18.690001,18.9,18.19804,7403800
2014-08-13,18.93,19.17,18.809999,19.01,18.303957,6414900
2014-08-14,19.08,19.08,18.719999,18.799999,18.101753,6399800
2014-08-15,18.860001,19.15,18.68,19.040001,18.332842,9244900
2014-08-18,19.120001,19.32,18.93,19.299999,18.583185,7101900
2014-08-19,19.219999,19.469999,19.15,19.370001,18.733086,6206500
2014-08-20,19.299999,19.389999,19.200001,19.25,18.617035,5536700
2014-08-21,19.200001,19.299999,19.040001,19.07,18.442951,6819900
2014-08-22,19.049999,19.24,18.93,19.08,18.452621,6280600
2014-08-25,19.16,19.290001,19.07,19.110001,18.481634,3834500
2014-08-26,19.16,19.49,19.09,19.450001,18.810453,6740900
2014-08-27,19.33,19.48,19.200001,19.23,18.597692,4574300
2014-08-28,19.190001,19.43,19.129999,19.389999,18.752426,4492600
2014-08-29,19.459999,19.49,19.25,19.450001,18.810453,5198300
2014-09-02,19.5,19.5,19.32,19.5,18.85881,4815900
2014-09-03,19.6,19.75,19.469999,19.68,19.032896,6486400
2014-09-04,19.65,20.15,19.639999,20.030001,19.371387,12295800
2014-09-05,20.01,20.1,19.84,19.969999,19.313358,6344800
2014-09-08,19.950001,19.99,19.709999,19.790001,19.139275,7982200
2014-09-09,19.700001,19.83,19.52,19.540001,18.897501,4964700
2014-09-10,19.65,19.68,19.43,19.610001,18.965199,4309400
2014-09-11,19.469999,19.540001,19.200001,19.41,18.77177,6268000
2014-09-12,19.530001,19.530001,19.1,19.120001,18.491314,6563400
2014-09-15,19.18,19.209999,18.780001,18.860001,18.239861,7353800
2014-09-16,18.809999,19.24,18.75,19.139999,18.510647,5498400
2014-09-17,19.09,19.33,19,19.15,18.520321,4339600
2014-09-18,19.27,19.459999,19.209999,19.440001,18.800791,5490100
2014-09-19,19.5,19.52,19.049999,19.08,18.452621,15032900
2014-09-22,19.469999,19.469999,18.870001,18.889999,18.268873,5536600
2014-09-23,18.790001,19.02,18.719999,18.809999,18.191502,4903600
2014-09-24,18.799999,18.98,18.780001,18.92,18.297884,3989800
2014-09-25,18.9,18.950001,18.469999,18.51,17.901365,7461000
2014-09-26,18.57,18.690001,18.49,18.549999,17.94005,6029700
2014-09-29,18.4,18.65,18.219999,18.52,17.911037,5213500
2014-09-30,18.440001,18.58,18.23,18.450001,17.843344,6930100
2014-10-01,18.48,18.610001,18.219999,18.27,17.669258,8774400
2014-10-02,18.24,18.33,17.77,18.190001,17.591888,7224900
2014-10-03,18.299999,18.549999,18.23,18.23,17.630573,5978500
2014-10-06,18.299999,18.450001,18,18.120001,17.524191,4975800
2014-10-07,18.040001,18.219999,17.91,17.93,17.340441,7547400
2014-10-08,17.91,18.35,17.77,18.26,17.659586,6504300
2014-10-09,18.18,18.200001,17.76,17.91,17.321095,7673900
2014-10-10,17.77,17.83,16.84,16.85,16.295948,17284400
2014-10-13,16.959999,17.299999,16.77,16.790001,16.237923,9940700
2014-10-14,17.02,17.65,16.92,17.18,16.615099,9415500
2014-10-15,16.93,17.530001,16.82,17.440001,16.86655,10110700
2014-10-16,17.129999,17.65,17.09,17.450001,16.876221,8777900
2014-10-17,17.66,17.860001,17.35,17.42,16.847206,7267900
2014-10-20,17.42,17.73,17.299999,17.57,16.992273,5008400
2014-10-21,17.700001,18.34,17.65,18.32,17.717613,8777300
2014-10-22,18.290001,18.35,17.889999,17.889999,17.301754,5987800
2014-10-23,18.200001,18.42,18.07,18.290001,17.688599,5361900
2014-10-24,18.4,18.59,18.290001,18.48,17.872353,5253900
2014-10-27,18.469999,18.559999,18.27,18.49,17.882025,3627300
2014-10-28,18.440001,18.950001,18.42,18.93,18.307556,4814500
2014-10-29,18.85,18.959999,18.639999,18.809999,18.191502,4208500
2014-10-30,18.76,18.84,18.450001,18.690001,18.075445,4256500
2014-10-31,19.120001,19.549999,19.02,19.540001,18.897501,6407900
2014-11-03,19.99,20.059999,19.77,19.870001,19.216648,7718300
2014-11-04,20,20.200001,19.67,20.129999,19.468098,9004900
2014-11-05,20.25,20.26,19.98,20.129999,19.468098,8391300
2014-11-06,20.17,20.25,19.860001,20.219999,19.555138,9852200
2014-11-07,20.450001,20.690001,19.59,19.790001,19.139275,11270000
2014-11-10,19.77,20.15,19.719999,20.02,19.361719,7334700
2014-11-11,19.9,20.01,19.610001,19.780001,19.129606,5324800
2014-11-12,19.709999,19.76,19.379999,19.65,19.00388,5114600
2014-11-13,19.719999,19.75,19.389999,19.549999,18.907167,5633200
2014-11-14,19.57,19.790001,19.379999,19.790001,19.139275,4006200
2014-11-17,19.700001,19.91,19.57,19.700001,19.052238,3968300
2014-11-18,19.709999,20.219999,19.66,20.17,19.506781,5194300
2014-11-19,20.1,20.16,19.799999,20.01,19.433943,6007500
2014-11-20,19.870001,20.360001,19.809999,20.34,19.754442,5524200
2014-11-21,20.52,20.549999,20.280001,20.450001,19.861273,4974400
2014-11-24,20.5,20.67,20.42,20.58,19.987532,3400100
2014-11-25,20.540001,20.719999,20.5,20.57,19.977819,4756000
2014-11-26,20.450001,20.940001,20.440001,20.92,20.317741,5481600
2014-11-28,20.99,21.09,20.799999,20.969999,20.366304,3120800
2014-12-01,20.879999,21,20.549999,20.58,19.987532,4751500
2014-12-02,20.559999,20.700001,20.370001,20.610001,20.01667,6148800
2014-12-03,20.709999,21.15,20.65,21.139999,20.53141,7110600
2014-12-04,21.110001,21.190001,20.809999,20.950001,20.346882,4633300
2014-12-05,20.959999,21.18,20.950001,21.07,20.463427,4142000
2014-12-08,21.040001,21.25,20.629999,20.799999,20.2012,5673600
2014-12-09,20.67,20.780001,20.360001,20.73,20.133215,5986200
2014-12-10,20.67,20.75,20.25,20.27,19.686457,5109100
2014-12-11,20.389999,20.530001,20.219999,20.26,19.676744,3391300
2014-12-12,19.99,20.17,19.610001,19.629999,19.06488,8099100
2014-12-15,19.860001,20.219999,19.51,19.57,19.006609,6367400
2014-12-16,19.549999,19.860001,19.34,19.35,18.792942,4632700
2014-12-17,19.74,20.17,19.1,20.139999,19.560198,8639900
2014-12-18,20.389999,20.629999,20.030001,20.219999,19.637896,5653900
2014-12-19,20.360001,20.5,20.17,20.42,19.83214,8138200
2014-12-22,20.4,20.780001,20.33,20.780001,20.181774,3724400
2014-12-23,20.940001,21.040001,20.629999,20.65,20.055517,2732000
2014-12-24,20.700001,20.73,20.549999,20.57,19.977819,1141100
2014-12-26,20.57,20.700001,20.52,20.59,19.997244,1315900
2014-12-29,20.530001,20.700001,20.43,20.559999,19.968107,2073600
2014-12-30,20.42,20.52,20.34,20.370001,19.783575,2803000
2014-12-31,20.4,20.51,19.99,20.049999,19.47279,4157500
2015-01-02,20.129999,20.280001,19.809999,20.129999,19.550486,2842000
2015-01-05,20.129999,20.190001,19.700001,19.790001,19.220278,4948800
2015-01-06,19.82,19.84,19.17,19.190001,18.63755,4944100
2015-01-07,19.33,19.5,19.08,19.139999,18.588987,8045200
2015-01-08,19.360001,19.98,19.35,19.860001,19.288261,7094500
2015-01-09,19.93,20.09,19.66,19.940001,19.365957,5238500
2015-01-12,19.99,20,19.51,19.690001,19.123156,4768300
2015-01-13,19.84,20.24,19.52,19.66,19.094017,5909700
2015-01-14,19.450001,19.799999,19.4,19.74,19.171713,3881500
2015-01-15,19.879999,20,19.59,19.6,19.035746,4723300
2015-01-16,19.57,19.98,19.51,19.959999,19.385382,4537800
2015-01-20,20.1,20.209999,19.77,20.02,19.443657,3487500
2015-01-21,19.91,20.35,19.77,20.299999,19.715591,3619500
2015-01-22,20.34,20.709999,20.129999,20.65,20.055517,3992800
2015-01-23,20.67,20.75,20.5,20.709999,20.113789,2976700
2015-01-26,20.620001,20.719999,20.49,20.620001,20.026384,3331000
2015-01-27,20.299999,20.32,19.59,19.629999,19.06488,8948700
2015-01-28,19.870001,19.950001,19.299999,19.309999,18.754093,6818200
2015-01-29,19.32,19.889999,19.23,19.780001,19.210564,5883500
2015-01-30,19.639999,19.870001,19.17,19.200001,18.647261,7455000
2015-02-02,19.32,19.700001,18.940001,19.620001,19.05517,6490100
2015-02-03,19.76,20.129999,19.66,20.110001,19.531063,4555300
2015-02-04,20.049999,20.389999,19.99,20.16,19.579624,4537900
2015-02-05,20.18,20.5,20.16,20.49,19.900122,3511200
2015-02-06,20.469999,20.709999,20.309999,20.4,19.812712,5231900
2015-02-09,20.280001,20.440001,20.15,20.379999,19.793291,6848600
2015-02-10,20.4,20.959999,20.309999,20.950001,20.346882,5655100
2015-02-11,21,21,20.67,20.809999,20.210909,8020800
2015-02-12,22,22.5,21.870001,22.299999,21.658016,16922600
2015-02-13,22.25,22.34,21.91,22.309999,21.667727,7752100
2015-02-17,22.27,22.49,22.129999,22.379999,21.735714,5083500
2015-02-18,22.35,22.389999,22.08,22.120001,21.483198,4273700
2015-02-19,22.4,22.440001,22.08,22.18,21.541473,4235800
2015-02-20,22.16,22.35,22,22.34,21.696863,3943800
2015-02-23,22.33,22.33,22.049999,22.16,21.522051,3125200
2015-02-24,22.16,22.309999,21.959999,22.309999,21.751162,3733900
2015-02-25,22.219999,22.32,22.040001,22.139999,21.585417,3095500
2015-02-26,22.16,22.33,22.02,22.200001,21.643915,3821600
2015-02-27,22.139999,22.190001,21.98,22.059999,21.507421,3937300
2015-03-02,22,22.719999,21.969999,22.6,22.033897,7537800
2015-03-03,22.43,22.540001,22.110001,22.18,21.624414,4008600
2015-03-04,22.1,22.48,22.01,22.43,21.868155,5648400
2015-03-05,22.43,22.9,22.370001,22.860001,22.287382,8076400
2015-03-06,22.73,22.84,22.530001,22.549999,21.985149,6434800
2015-03-09,22.559999,22.780001,22.51,22.610001,22.043646,5559700
2015-03-10,22.709999,23.15,22.67,23,22.423876,13145300
2015-03-11,23,23.299999,22.82,22.879999,22.306881,6553000
2015-03-12,22.66,22.83,22.24,22.67,22.102144,10174300
2015-03-13,22.559999,22.76,22.25,22.700001,22.13139,8982200
2015-03-16,22.879999,23.110001,22.73,22.969999,22.394627,5923900
2015-03-17,22.92,23.26,22.76,23.25,22.667614,7497500
2015-03-18,23.25,23.370001,22.66,22.870001,22.297132,10337600
2015-03-19,22.950001,23.299999,22.780001,23.219999,22.638367,7768900
2015-03-20,23.41,23.610001,23.190001,23.469999,22.882101,11552100
2015-03-23,22.77,23.07,22.700001,22.709999,22.141138,10595700
2015-03-24,22.639999,22.799999,22.299999,22.4,21.838905,8262000
2015-03-25,22.389999,22.389999,20.969999,21.040001,20.512972,13563800
2015-03-26,20.610001,21.059999,20.459999,20.969999,20.444723,7798000
2015-03-27,21.09,21.459999,20.75,21.379999,20.844454,7940200
2015-03-30,21.48,21.58,21.200001,21.469999,20.932201,6331300
2015-03-31,21.41,21.43,20.91,20.93,20.405727,8931900
2015-04-01,21.01,21.08,20.65,21.01,20.483723,8228300
2015-04-02,21.129999,21.190001,20.879999,21.059999,20.532471,4805100
2015-04-06,20.969999,21.74,20.75,21.67,21.127193,12896600
2015-04-07,21.67,22.1,21.549999,21.860001,21.312431,10349100
2015-04-08,21.879999,22.1,21.67,22.02,21.468424,9160800
2015-04-09,21.85,22.6,21.84,22.530001,21.965651,9485800
2015-04-10,22.549999,22.77,22.469999,22.76,22.189886,6468200
2015-04-13,22.709999,22.84,22.450001,22.549999,21.985149,5918100
2015-04-14,22.459999,22.549999,22.139999,22.360001,21.799908,5441000
2015-04-15,22.42,22.799999,22.309999,22.629999,22.063143,6089000
2015-04-16,22.5,22.690001,22.33,22.49,21.926655,3882100
2015-04-17,22.02,22.42,22.01,22.200001,21.643915,7340900
2015-04-20,22.299999,22.440001,22.049999,22.09,21.536671,5739500
2015-04-21,22.360001,22.360001,21.950001,22.059999,21.507421,5761400
2015-04-22,22.190001,22.34,21.85,22.309999,21.751162,5185500
2015-04-23,21.9,22.43,21.65,22.219999,21.663412,6484500
2015-04-24,22.209999,22.219999,21.780001,22.030001,21.478176,6024000
2015-04-27,22.1,22.59,21.91,22.200001,21.643915,6211400
2015-04-28,22.16,22.389999,21.950001,22.309999,21.751162,5862100
2015-04-29,22.15,22.370001,22.049999,22.139999,21.585417,4878900
2015-04-30,22.030001,22.309999,21.98,22.200001,21.643915,5471100
2015-05-01,22.379999,22.82,22.280001,22.75,22.180143,6424200
2015-05-04,22.73,22.879999,22.540001,22.610001,22.043646,5018000
2015-05-05,22.530001,22.559999,21.93,22.030001,21.478176,7323200
2015-05-06,22.15,22.360001,21.809999,22.1,21.546421,7912100
2015-05-07,22.01,22.559999,21.940001,22.49,21.926655,13364100
2015-05-08,21.01,21.84,20.49,20.83,20.308231,28663800
2015-05-11,20.540001,20.84,20.379999,20.629999,20.113241,13603600
2015-05-12,20.48,21,20.469999,20.83,20.308231,9720000
2015-05-13,20.98,21.139999,20.75,20.950001,20.425228,7713100
2015-05-14,21.01,21.4,20.959999,21.290001,20.756712,7326300
2015-05-15,21.379999,21.48,21.17,21.299999,20.766457,5395600
2015-05-18,21.25,21.4,21.15,21.27,20.737211,8121800
2015-05-19,21.200001,21.27,21,21.040001,20.607925,6345200
2015-05-20,21.049999,21.299999,21.02,21.040001,20.607925,4920600
2015-05-21,21.049999,21.139999,20.870001,20.889999,20.461002,5992300
2015-05-22,20.940001,21.02,20.809999,20.860001,20.431618,5314800
2015-05-26,20.76,20.9,20.57,20.73,20.304289,6493300
2015-05-27,20.870001,21.940001,20.799999,21.84,21.391491,10808300
2015-05-28,21.84,22.209999,21.799999,22.139999,21.685331,8191400
2015-05-29,22.139999,22.280001,22.1,22.129999,21.675537,8324900
2015-06-01,22.27,22.6,22.129999,22.379999,21.920403,9316500
2015-06-02,22.24,22.360001,21.92,21.940001,21.489439,5544000
2015-06-03,22,22.17,21.66,21.700001,21.254368,6269700
2015-06-04,21.57,22.16,21.57,22.09,21.636358,8092800
2015-06-05,22.02,22.360001,21.790001,22.26,21.802868,7833000
2015-06-08,22.190001,22.34,21.5,21.75,21.303341,8549500
2015-06-09,21.77,22.02,21.73,21.860001,21.411081,6422200
2015-06-10,21.6,21.74,21.35,21.469999,21.029091,13236500
2015-06-11,21.469999,21.85,21.469999,21.700001,21.254368,7076300
2015-06-12,21.559999,21.690001,21.059999,21.110001,20.676483,8093200
2015-06-15,21,21.17,20.84,21.07,20.637306,7663700
2015-06-16,21.030001,21.360001,20.82,21.33,20.891966,6422300
2015-06-17,21.32,21.700001,21.27,21.58,21.136829,5838600
2015-06-18,21.76,22.08,21.700001,21.940001,21.489439,7485100
2015-06-19,21.940001,22.120001,21.67,21.870001,21.420877,8891400
2015-06-22,21.91,22.030001,21.450001,21.780001,21.332722,12855900
2015-06-23,21.82,21.99,21.049999,21.219999,20.784224,10351600
2015-06-24,21.190001,21.299999,20.91,21.01,20.578537,6334200
2015-06-25,21.01,21.299999,21.01,21.17,20.73525,8761500
2015-06-26,21,21.02,20.65,20.74,20.314081,10532400
2015-06-29,20.5,20.709999,20.09,20.120001,19.706818,9793100
2015-06-30,20.24,20.33,19.969999,20.110001,19.697021,7897900
2015-07-01,20.610001,20.9,20.219999,20.4,19.981064,7572300
2015-07-02,20.389999,20.549999,20.290001,20.42,20.00065,3644100
2015-07-06,20.25,20.530001,20.02,20.17,19.755789,5369400
2015-07-07,20.049999,20.129999,19.16,19.790001,19.383593,14856300
2015-07-08,19.68,19.799999,19.49,19.65,19.246466,8312300
2015-07-09,19.959999,20.049999,19.290001,19.41,19.011393,8939700
2015-07-10,19.66,19.93,19.610001,19.75,19.344412,5417700
2015-07-13,19.950001,19.99,19.75,19.879999,19.471745,5311800
2015-07-14,19.91,19.93,19.629999,19.889999,19.481537,6230400
2015-07-15,19.84,19.969999,19.57,19.75,19.344412,6643300
2015-07-16,19.870001,20.190001,19.799999,20.190001,19.775379,7071200
2015-07-17,20.120001,20.139999,19.809999,20.07,19.657841,5509300
2015-07-20,20.07,20.15,19.65,19.700001,19.295441,4710300
2015-07-21,19.66,20.07,19.66,19.790001,19.383593,3743000
2015-07-22,19.65,19.65,19.17,19.41,19.011393,8911800
2015-07-23,19.450001,19.940001,19.41,19.65,19.246466,4247900
2015-07-24,19.790001,19.809999,19.34,19.42,19.021189,4721100
2015-07-27,19.25,19.530001,19.09,19.309999,18.913448,4810500
2015-07-28,19.360001,19.860001,19.16,19.73,19.324823,4957700
2015-07-29,19.690001,20.129999,19.610001,19.969999,19.559893,5817000
2015-07-30,19.92,20.219999,19.92,20.02,19.608868,4754500
2015-07-31,20.1,20.110001,19.83,19.950001,19.540308,5458500
2015-08-03,20.110001,20.309999,19.85,20.290001,19.873325,9928300
2015-08-04,20.219999,20.43,20.139999,20.370001,19.951681,6502500
2015-08-05,20.870001,20.889999,20.540001,20.58,20.157368,5865700
2015-08-06,20.530001,20.68,20.110001,20.450001,20.030037,16391900
2015-08-07,22.459999,23.370001,21.879999,22.98,22.508081,35131200
2015-08-10,22.82,23.950001,22.68,23.780001,23.291655,16557600
2015-08-11,23.43,23.889999,23.43,23.66,23.174118,10858300
2015-08-12,23.280001,23.889999,23.280001,23.719999,23.232887,9601200
2015-08-13,23.75,23.799999,23.459999,23.52,23.036989,6922100
2015-08-14,23.5,23.68,23.360001,23.540001,23.056581,5364000
2015-08-17,23.5,23.5,23.1,23.389999,22.909662,6847000
2015-08-18,23.219999,23.379999,22.9,23.08,22.701143,7177100
2015-08-19,23.049999,23.309999,22.74,22.99,22.612619,6231200
2015-08-20,22.73,22.84,22.049999,22.16,21.796246,10673300
2015-08-21,22,22.370001,21.450001,21.469999,21.117569,9566600
2015-08-24,20.27,21.83,20,20.709999,20.370045,17057100
2015-08-25,21.620001,21.700001,20.280001,20.280001,19.947104,15567100
2015-08-26,20.940001,21.83,20.780001,21.809999,21.45199,15374400
2015-08-27,22.040001,22.639999,21.91,22.629999,22.258532,11594100
2015-08-28,22.629999,22.870001,22.469999,22.73,22.356884,8023600
2015-08-31,22.620001,22.780001,22.389999,22.48,22.110989,5459400
2015-09-01,21.83,22.200001,21.4,21.559999,21.206089,8835200
2015-09-02,22.15,22.219999,21.780001,22.209999,21.845421,8601100
2015-09-03,22.540001,22.65,22.23,22.27,21.904436,6563900
2015-09-04,21.889999,22.24,21.74,21.75,21.392973,7199300
2015-09-08,22.280001,22.77,22.190001,22.68,22.307707,5961200
2015-09-09,22.75,22.940001,22.18,22.23,21.865093,7226500
2015-09-10,22.1,22.860001,22,22.58,22.209352,8926900
2015-09-11,22.33,22.799999,22.24,22.65,22.278202,7539600
2015-09-14,22.76,22.83,22.57,22.690001,22.317543,4811500
2015-09-15,22.700001,23.059999,22.629999,22.940001,22.56344,8177900
2015-09-16,22.9,23.23,22.73,23.1,22.720814,4337700
2015-09-17,23.5,23.709999,23.26,23.309999,22.927368,6717800
2015-09-18,22.99,23.49,22.85,23.290001,22.907698,8123900
2015-09-21,23.32,23.58,23.200001,23.530001,23.143755,7046000
2015-09-22,23.02,23.18,22.77,22.889999,22.514263,5708900
2015-09-23,22.91,23.139999,22.82,23,22.622458,4040800
2015-09-24,22.860001,23.68,22.5,23.440001,23.055231,9561000
2015-09-25,23.73,24.07,23.379999,23.610001,23.222445,9242300
2015-09-28,23.610001,23.76,23.15,23.299999,22.917528,9889600
2015-09-29,23.549999,23.75,23.219999,23.709999,23.320803,9518400
2015-09-30,23.93,24.68,23.790001,24.65,24.245371,13859800
2015-10-01,24.65,24.719999,23.469999,24.17,23.773247,12232400
2015-10-02,24.040001,24.799999,23.790001,24.799999,24.392906,9653600
2015-10-05,24.959999,25.73,24.83,25.42,25.002731,12050600
2015-10-06,25.15,25.860001,25.049999,25.75,25.327316,11330400
2015-10-07,25.809999,26.280001,25.389999,26.02,25.59288,7753800
2015-10-08,25.91,26.24,25.469999,26.17,25.740419,11501700
2015-10-09,26.030001,26.280001,25.58,26.07,25.642063,10581200
2015-10-12,26.1,26.5,25.91,26.35,25.917467,5689700
2015-10-13,26.139999,26.559999,26.049999,26.4,25.966644,7461100
2015-10-14,26.43,27.790001,26.4,27.360001,26.910889,15303700
2015-10-15,27.41,27.99,27.129999,27.43,26.979736,13151200
2015-10-16,27.52,28.120001,27.450001,27.860001,27.402679,11209900
2015-10-19,27.950001,28.08,27.49,27.809999,27.3535,7367800
2015-10-20,27.690001,27.9,27.48,27.77,27.314156,6610700
2015-10-21,27.940001,28.110001,27.360001,27.41,26.960064,9657000
2015-10-22,27.73,28.49,27.690001,28.4,27.933815,7672100
2015-10-23,28.65,28.780001,28.219999,28.59,28.120697,9544400
2015-10-26,28.610001,28.68,28.200001,28.459999,27.99283,6185900
2015-10-27,28.32,28.620001,28.299999,28.440001,27.97316,5206700
2015-10-28,28.620001,28.67,28.200001,28.67,28.199381,5425900
2015-10-29,28.209999,28.5,27.629999,27.68,27.225634,8176300
2015-10-30,27.98,28.57,27.77,28.370001,27.904306,7529000
2015-11-02,28.459999,28.73,28.290001,28.700001,28.228891,4752200
2015-11-03,28.530001,28.690001,28.18,28.5,28.032175,9419200
2015-11-04,28.42,28.629999,27.9,28.030001,27.569889,11050200
2015-11-05,28.17,28.25,27.629999,27.709999,27.25514,11970000
2015-11-06,30.450001,31.940001,29.82,31.549999,31.032106,29306800
2015-11-09,31.24,31.5,30.969999,31.41,30.894405,12314200
2015-11-10,31,31.17,30.15,30.809999,30.304256,13806500
2015-11-11,30.83,31.049999,30.4,30.51,30.009178,15497400
2015-11-12,30.440001,30.719999,30.27,30.4,29.900984,7277000
2015-11-13,30.43,30.559999,29.65,29.799999,29.310833,7323500
2015-11-16,30.190001,30.42,29.950001,30.4,29.900984,8607000
2015-11-17,30.48,30.66,30.27,30.4,29.900984,6426200
2015-11-18,30.41,31.07,30.08,31.030001,30.636536,8755400
2015-11-19,31.139999,31.43,30.889999,31.120001,30.725395,6351800
2015-11-20,31.35,31.57,31.16,31.389999,30.991972,5993600
2015-11-23,31.65,31.65,30.809999,30.92,30.527931,6063800
2015-11-24,30.92,31.440001,30.780001,31.17,30.774765,4885700
2015-11-25,31.110001,31.48,31.02,31.129999,30.73527,3457500
2015-11-27,31.190001,31.49,31.030001,31.389999,30.991972,2174900
2015-11-30,31.42,31.860001,31.389999,31.719999,31.317789,8181100
2015-12-01,32,32.779999,31.969999,32.75,32.334724,10237400
2015-12-02,32.799999,33.139999,32.43,32.5,32.087898,7356000
2015-12-03,32.759998,33.099998,32.27,32.43,32.018784,6166400
2015-12-04,32.43,33.810001,32.43,33.75,33.322044,11468900
2015-12-07,33.740002,33.740002,33.009998,33.110001,32.690166,8339700
2015-12-08,32.700001,33.700001,32.490002,33.560001,33.134464,7862200
2015-12-09,33.549999,33.75,32.369999,32.709999,32.295235,9316900
2015-12-10,32.810001,33.16,32.700001,32.98,32.561806,5902200
2015-12-11,32.650002,32.880001,32.419998,32.490002,32.078026,5683000
2015-12-14,32.52,32.75,32.18,32.57,32.157013,6897300
2015-12-15,32.939999,33.200001,32.759998,32.970001,32.551941,7682400
2015-12-16,33.040001,33.279999,32.75,33.169998,32.749397,5908900
2015-12-17,33.220001,33.560001,32.650002,32.669998,32.255741,6354000
2015-12-18,32.439999,32.77,32.099998,32.139999,31.732464,9897400
2015-12-21,32.490002,32.93,32.200001,32.900002,32.48283,7105400
2015-12-22,33,33.259998,32.73,32.93,32.512447,3233800
2015-12-23,32.98,33.189999,32.919998,33.060001,32.640797,3063100
2015-12-24,32.959999,33.25,32.91,33.169998,32.749397,1311200
2015-12-28,32.82,33.139999,32.360001,33.139999,32.719784,3550600
2015-12-29,33.16,33.779999,33.07,33.68,33.25293,5091500
2015-12-30,33.650002,33.939999,33.380001,33.389999,32.96661,4508600
2015-12-31,33.34,33.490002,32.959999,32.959999,32.542061,3713200
2016-01-04,32.290001,32.580002,32.040001,32.369999,31.959547,8951900
2016-01-05,32.98,33.439999,32.5,32.889999,32.47295,12256800
2016-01-06,32.349998,32.5,31.16,31.530001,31.130199,11233600
2016-01-07,30.74,30.950001,29.879999,30.280001,29.896048,16132600
2016-01-08,30.67,30.700001,29.57,29.629999,29.254288,9961800
2016-01-11,29.66,29.889999,29.15,29.68,29.303656,10234300
2016-01-12,30.209999,30.620001,29.969999,30.18,29.797318,11733900
2016-01-13,30.41,30.610001,29.23,29.26,28.888983,12041800
2016-01-14,28.66,29,27.82,28.67,28.306463,15005900
2016-01-15,27.52,27.85,26.639999,27.110001,26.766243,21036300
2016-01-19,27.67,28.450001,27.219999,27.33,26.983452,11428500
2016-01-20,26.809999,27.83,26.450001,27.48,27.13155,12029500
2016-01-21,27.780001,28.23,27.209999,27.799999,27.447491,12036400
2016-01-22,28.33,28.639999,28.27,28.450001,28.089252,6449900
2016-01-25,28.440001,28.77,28.360001,28.42,28.059635,6768200
2016-01-26,28.48,28.82,28.190001,28.700001,28.336082,5698600
2016-01-27,28.66,28.75,27.82,28.360001,28.000395,5792500
2016-01-28,28.59,28.690001,27.5,28.049999,27.694323,6919400
2016-01-29,28.290001,29.35,28.18,29.290001,28.918602,7762600
2016-02-01,29.26,29.450001,29.01,29.299999,28.928474,7247100
2016-02-02,29,29.15,27.860001,28.059999,27.704199,8547700
2016-02-03,28.280001,28.450001,27.549999,28.200001,27.842424,8169300
2016-02-04,28.24,28.85,27.93,28.209999,27.852295,8684600
2016-02-05,28.02,28.33,26.35,26.43,26.094866,15010700
2016-02-08,26.030001,26.16,24.85,25.219999,24.900209,15221300
2016-02-09,24.92,26.549999,24.799999,25.49,25.166784,10572700
2016-02-10,25.65,26.389999,25.290001,25.43,25.107548,8395000
2016-02-11,24.780001,25.559999,24.780001,25.299999,24.979195,8503600
2016-02-12,25.700001,25.780001,24.75,25.73,25.40374,8520400
2016-02-16,26.1,27.030001,26.02,26.99,26.647766,12133800
2016-02-17,27.33,27.92,27.219999,27.66,27.309269,19286700
2016-02-18,29.93,30.98,29.9,30.040001,29.659092,26716500
2016-02-19,29.879999,30.709999,29.65,30.440001,30.054016,13140700
2016-02-22,30.879999,31.870001,30.82,31.52,31.120327,11241700
2016-02-23,31.27,31.9,31.120001,31.6,31.19931,9234500
2016-02-24,31.469999,31.870001,30.6,31.82,31.416519,8421300
2016-02-25,31.940001,32.049999,31.32,31.889999,31.48563,8727900
2016-02-26,32.040001,32.119999,31.360001,31.68,31.278296,9049100
2016-02-29,31.610001,32.02,31.34,31.360001,31.075157,8083600
2016-03-01,31.440001,32.75,31.389999,32.75,32.45253,8717500
2016-03-02,32.57,33.060001,32.509998,32.939999,32.640804,5845300
2016-03-03,32.900002,33.040001,32.209999,32.650002,32.353443,7544400
2016-03-04,32.900002,32.93,32.299999,32.549999,32.254345,4382600
2016-03-07,32.369999,32.59,31.92,32.34,32.046253,5999200
2016-03-08,32.009998,32.200001,31.65,31.75,31.461613,6873500
2016-03-09,32.029999,32.080002,31.32,31.73,31.441797,5569700
2016-03-10,31.92,32.099998,31.040001,31.68,31.392254,7135600
2016-03-11,32.150002,32.23,31.77,32.220001,31.927349,6935000
2016-03-14,32.07,32.43,31.92,32.299999,32.006618,4757800
2016-03-15,32.130001,32.34,31.57,32.139999,31.848072,5655400
2016-03-16,31.9,33.209999,31.75,33.099998,32.799355,9091100
2016-03-17,32.98,33.139999,32.369999,32.82,32.521896,8842000
2016-03-18,33.209999,34.25,33,33.810001,33.502903,13637800
2016-03-21,33.509998,33.919998,33.150002,33.91,33.601997,8444500
2016-03-22,33.799999,34.09,33.43,33.849998,33.542534,6050300
2016-03-23,34,34.68,33.849998,34.43,34.117271,10725200
2016-03-24,34.119999,34.540001,34.009998,34.48,34.166813,6123900
2016-03-28,34.419998,34.98,34.380001,34.830002,34.513641,6634700
2016-03-29,34.68,35.470001,34.599998,35.389999,35.06855,6543400
2016-03-30,35.52,36.25,35.5,35.759998,35.435192,9417500
2016-03-31,35.919998,36,35.349998,35.630001,35.306374,9497100
2016-04-01,35.41,36.169998,35.139999,36.150002,35.821648,8707300
2016-04-04,36.450001,36.639999,35.66,35.799999,35.474827,9848500
2016-04-05,35.48,36.080002,35.34,35.75,35.425282,8489200
2016-04-06,35.299999,35.82,34.630001,35.799999,35.474827,11321200
2016-04-07,35.57,35.889999,35.279999,35.43,35.108189,9452600
2016-04-08,35.720001,35.950001,35.310001,35.66,35.336105,6398400
2016-04-11,35.869999,36.470001,35.759998,35.880001,35.554104,9688100
2016-04-12,36,36.049999,35.139999,35.84,35.514465,7313600
2016-04-13,36,36.75,36,36.740002,36.406296,8767900
2016-04-14,36.639999,37,36.490002,36.84,36.505383,10409800
2016-04-15,36.830002,37.459999,36.709999,37.130001,36.792747,10924300
2016-04-18,37.060001,37.060001,36.610001,36.970001,36.634209,7680600
2016-04-19,37.110001,37.18,36.080002,36.310001,35.980198,7728800
2016-04-20,36.25,36.669998,36.209999,36.450001,36.118927,5004300
2016-04-21,36.459999,36.630001,36.25,36.41,36.079285,4457000
2016-04-22,36.529999,36.779999,36.150002,36.27,35.940559,5588500
2016-04-25,36.279999,36.650002,36.18,36.450001,36.118927,4799300
2016-04-26,36.669998,37.09,36.32,36.48,36.148647,5363400
2016-04-27,36.389999,37.330002,36.32,37.310001,36.971115,8809900
2016-04-28,37.080002,37.299999,36.110001,36.200001,35.871193,9530600
2016-04-29,36.049999,36.130001,35.139999,35.529999,35.207279,8047600
2016-05-02,35.869999,36.220001,35.700001,36,35.673008,6401900
2016-05-03,35.59,35.740002,35.259998,35.57,35.246914,5600600
2016-05-04,35.139999,35.169998,34.400002,34.759998,34.444271,13133100
2016-05-05,35.049999,35.380001,34.709999,34.970001,34.652363,6172100
2016-05-06,34.91,35.419998,34.84,35.330002,35.009098,4581000
2016-05-09,35.419998,35.57,34.990002,35.279999,34.959549,8333400
2016-05-10,35.5,36.02,35.16,35.959999,35.633369,6712100
2016-05-11,36.07,36.459999,35.869999,36.060001,35.732464,8204400
2016-05-12,36.32,36.48,34.93,35.57,35.246914,16763500
2016-05-13,39.189999,41,39,40.98,40.607777,52756400
2016-05-16,40.669998,42.799999,40.540001,42.189999,41.806786,24325800
2016-05-17,42,42.580002,41.459999,42.279999,41.895969,15709800
2016-05-18,42,43.849998,42,43.360001,42.966167,13526800
2016-05-19,43.189999,43.860001,43.130001,43.549999,43.154434,9972000
2016-05-20,43.82,44.509998,43.75,44.330002,43.927353,9777100
2016-05-23,44.52,44.689999,44.130001,44.400002,43.996716,10324100
2016-05-24,44.419998,45.5,44.299999,45.360001,45.064716,10394700
2016-05-25,45.5,45.689999,44.810001,45.169998,44.875954,11451900
2016-05-26,45.25,45.98,45.119999,45.650002,45.352829,7726200
2016-05-27,45.700001,45.970001,45.549999,45.900002,45.6012,6935400
2016-05-31,46.099998,46.82,46.07,46.720001,46.415863,10313100
2016-06-01,46.5,47.259998,46.360001,46.810001,46.505276,9678300
2016-06-02,47.060001,47.540001,46.599998,47.139999,46.83313,8176500
2016-06-03,46.68,46.740002,45.66,46.48,46.177422,11526900
2016-06-06,46.599998,46.959999,46,46.240002,45.938988,8062800
2016-06-07,46.52,46.779999,46.310001,46.330002,46.028404,4835000
2016-06-08,46.34,46.509998,45.799999,46.18,45.879379,5865400
2016-06-09,46.02,47.450001,45.919998,47.380001,47.071568,11804200
2016-06-10,46.82,47.240002,46.139999,46.200001,45.89925,10000600
2016-06-13,46.25,47.700001,46.25,46.790001,46.485405,11889700
2016-06-14,46.68,47.099998,46.16,46.880001,46.574821,7458600
2016-06-15,47.27,47.77,46.75,47.360001,47.051697,7525900
2016-06-16,47.009998,47.630001,46.549999,47.549999,47.240459,6161400
2016-06-17,47.610001,47.619999,46.529999,46.720001,46.415863,11775000
2016-06-20,47.470001,48.169998,47.439999,47.560001,47.250393,7344200
2016-06-21,47.759998,47.889999,47.200001,47.27,46.96228,5312700
2016-06-22,47.369999,47.68,47.150002,47.23,46.922539,5065500
2016-06-23,47.68,48.540001,47.650002,48.490002,48.174343,7447000
2016-06-24,46.5,47.360001,45.299999,45.73,45.432308,25442100
2016-06-27,45.349998,45.700001,44.57,45.240002,44.945499,11227200
2016-06-28,46.099998,46.150002,45.27,45.900002,45.6012,9548000
2016-06-29,46.299999,47.009998,46.18,46.650002,46.346317,7973300
2016-06-30,46.73,47.299999,46.349998,47.009998,46.703972,10773500
2016-07-01,46.75,47.360001,46.5,46.66,46.356251,5462200
2016-07-05,46.400002,47.43,46.029999,47.349998,47.041759,9277100
2016-07-06,47.02,47.93,46.779999,47.650002,47.339813,6827600
2016-07-07,47.970001,49.060001,47.75,48.889999,48.571735,9871400
2016-07-08,49.41,51.09,49.220001,50.849998,50.518974,12048300
2016-07-11,51.580002,52.400002,51.52,52.02,51.681362,11219400
2016-07-12,52.599998,53.279999,51.939999,52.799999,52.456284,10919000
2016-07-13,52.900002,53.200001,52.700001,52.779999,52.436409,8115100
2016-07-14,53.060001,53.799999,52.619999,53.32,52.9729,7922300
2016-07-15,52.639999,52.939999,51.84,52.700001,52.356934,10715400
2016-07-18,53.349998,53.43,52.77,52.970001,52.625179,6324800
2016-07-19,52.939999,53.73,52.84,53.52,53.171597,9566300
2016-07-20,53.700001,54.509998,53.48,54.220001,53.867043,7411500
2016-07-21,54.099998,54.27,53.040001,53.220001,52.87355,9032700
2016-07-22,53.41,54.669998,53.02,54.669998,54.314106,7894200
2016-07-25,55,55.810001,54.759998,55.68,55.317535,7813200
2016-07-26,56.169998,56.919998,56.09,56.630001,56.261353,12862700
2016-07-27,57.119999,57.220001,55.720001,56.060001,55.695065,11122600
2016-07-28,56.189999,56.599998,56.009998,56.18,55.814281,5547900
2016-07-29,56.389999,57.25,55.380001,57.099998,56.728287,10239700
2016-08-01,57.34,57.549999,56.360001,56.73,56.360703,7528000
2016-08-02,57,57.029999,55.5,56.040001,55.67519,7068700
2016-08-03,55.970001,56.299999,55.66,56.189999,55.824211,7495700
2016-08-04,56.459999,57.490002,56.349998,57.23,56.857441,6788000
2016-08-05,57.889999,58.23,57.610001,58.200001,57.821133,9289700
2016-08-08,59,59.139999,58.119999,58.740002,58.357616,7626600
2016-08-09,59.029999,59.459999,58.740002,58.889999,58.506638,9308600
2016-08-10,59.41,59.5,58.32,58.509998,58.129108,9393500
2016-08-11,58.82,59.950001,58.700001,59.700001,59.311363,15741200
2016-08-12,61.900002,63.380001,60.630001,63.040001,62.629627,35643600
2016-08-15,63.110001,63.5,62.130001,62.98,62.570011,14332600
2016-08-16,62.889999,62.990002,62.41,62.599998,62.192486,7191300
2016-08-17,62.599998,62.740002,60.66,61.150002,60.751926,14880300
2016-08-18,61.060001,62.200001,60.82,62.099998,61.69574,8292100
2016-08-19,62.07,62.73,61.799999,62.259998,61.854698,7289000
2016-08-22,62.450001,62.610001,61.709999,62.52,62.11301,6118700
2016-08-23,63.040001,63.32,62.73,62.91,62.615643,8494100
2016-08-24,63.130001,63.16,61.650002,61.939999,61.650177,7461200
2016-08-25,61.959999,61.990002,60.759998,61.529999,61.242104,10150800
2016-08-26,61.689999,62.380001,61.200001,62.029999,61.739761,7500600
2016-08-29,62.279999,62.529999,61.889999,61.990002,61.699951,6848800
2016-08-30,61.91,62.240002,61.459999,61.630001,61.341637,7138600
2016-08-31,61.75,61.919998,61.16,61.34,61.052986,9713600
2016-09-01,61.389999,63.380001,61.34,63.150002,62.854519,10712300
2016-09-02,63.279999,63.349998,61.82,62.529999,62.237423,8078700
2016-09-06,62.75,63.119999,62.43,63.119999,62.824661,7670300
2016-09-07,62.919998,63.23,61.830002,62.189999,61.89901,9949700
2016-09-08,62.130001,62.740002,61.419998,62.639999,62.346909,7872500
2016-09-09,61.950001,62.299999,59,59.52,59.241508,17444000
2016-09-12,58.73,60.869999,57.32,60.75,60.465752,14956500
2016-09-13,60.599998,61.299999,59.529999,59.869999,59.58987,11794200
2016-09-14,60.009998,60.599998,59.509998,60.400002,60.11739,7976200
2016-09-15,60.5,62.759998,60.360001,62.689999,62.396671,12880300
2016-09-16,62.91,63.25,62.119999,62.84,62.545975,22561100
2016-09-19,63.5,65.260002,63.209999,63.669998,63.372082,10407000
2016-09-20,64.400002,64.400002,62.740002,63.09,62.794804,8277800
2016-09-21,63.279999,64.980003,63.27,64.860001,64.556519,8405300
2016-09-22,65.239998,65.440002,64.650002,65.019997,64.715775,7718300
2016-09-23,65.099998,65.290001,64.660004,64.949997,64.646095,6903300
2016-09-26,64.209999,64.599998,63.529999,64.339996,64.038948,5751000
2016-09-27,64.089996,66.639999,64.059998,66.540001,66.228661,10068800
2016-09-28,66.639999,66.830002,65.93,66.779999,66.467537,7994700
2016-09-29,66.669998,67.610001,66.050003,67.400002,67.084633,8417100
2016-09-30,67.769997,69.190002,67.370003,68.519997,68.199394,10748300
2016-10-03,68.519997,69.510002,68.330002,68.449997,68.129723,6064900
2016-10-04,68.550003,69.699997,67.790001,68.300003,67.980423,7040600
2016-10-05,68.879997,69.580002,68.019997,68.230003,67.910759,7636000
2016-10-06,67.410004,67.830002,66.260002,67.339996,67.024902,9005300
2016-10-07,67.790001,67.970001,66.660004,66.849998,66.537209,7156500
2016-10-10,67.199997,67.559998,66.470001,67.099998,66.786034,7183200
2016-10-11,66.879997,66.980003,65.620003,66.129997,65.820572,9713500
2016-10-12,65.860001,66.779999,65.309998,66.43,66.119171,10498000
2016-10-13,65.650002,65.800003,63.700001,65.349998,65.044228,9752900
2016-10-14,66.150002,66.599998,65.599998,65.989998,65.681229,8265900
2016-10-17,65.980003,66.599998,65.519997,65.610001,65.303009,4883200
2016-10-18,66.519997,66.989998,66.25,66.610001,66.298332,6713500
2016-10-19,66.160004,66.779999,65.82,66.470001,66.158989,4976500
2016-10-20,67.25,67.949997,66.300003,67.730003,67.413101,7802100
2016-10-21,67.489998,67.660004,66.900002,67.540001,67.223976,6987700
2016-10-24,68,70.790001,67.989998,70.709999,70.379143,8495900
2016-10-25,70.589996,72.300003,70.25,71.870003,71.533722,9936500
2016-10-26,71.269997,72.949997,71.199997,72.160004,71.822372,8344800
2016-10-27,72.709999,72.849998,70.389999,70.68,70.349289,9716600
2016-10-28,71.019997,72.099998,70.43,70.559998,70.229851,7271400
2016-10-31,70.790001,71.629997,70.75,71.160004,70.827049,6309700
2016-11-01,71.419998,71.809998,68.290001,69.050003,68.726913,11830600
2016-11-02,69.580002,70.519997,68.639999,68.760002,68.438271,7396200
2016-11-03,69.080002,69.139999,66.639999,67.959999,67.642014,7741600
2016-11-04,67.510002,68.730003,66.580002,67.57,67.253838,8219500
2016-11-07,69.550003,71.720001,69.5,71.269997,70.936523,12189500
2016-11-08,71.540001,71.769997,70.5,71.160004,70.827049,10717500
2016-11-09,69.230003,70.900002,68.720001,69.959999,69.63266,11413300
2016-11-10,71.489998,71.5,66.760002,67.769997,67.452896,21732000
2016-11-11,79.510002,88.769997,78.5,87.970001,87.558388,54383600
2016-11-14,88.089996,88.190002,83.620003,83.639999,83.248642,33702100
2016-11-15,84.290001,87.449997,83.93,86.190002,85.786713,15652300
2016-11-16,87.339996,92.559998,86.349998,91.629997,91.201263,24676400
2016-11-17,92.309998,94.790001,90.650002,92.389999,91.95771,20824700
2016-11-18,92.389999,94.330002,91.800003,93.360001,92.923172,14401500
2016-11-21,94.089996,94.349998,92.400002,92.980003,92.544952,10910900
2016-11-22,93.300003,93.739998,92.379997,93.650002,93.211815,8259200
2016-11-23,93.720001,95.25,92.769997,93.970001,93.670349,11044000
2016-11-25,94.419998,95.099998,93.410004,94.160004,93.859749,4889100
2016-11-28,93.870003,94.739998,93.599998,94.110001,93.809898,6968400
2016-11-29,94,94.440002,92.529999,93.25,92.952637,11114200
2016-11-30,93.599998,94.160004,92.099998,92.199997,91.905991,11012500
2016-12-01,92.099998,92.169998,84.769997,87.639999,87.360535,25888100
2016-12-02,86.25,88.800003,85.120003,88.449997,88.167946,11957300
2016-12-05,89.989998,92.610001,89,91.879997,91.587006,15057100
2016-12-06,92.209999,93.730003,91.57,93.389999,93.092194,12469900
2016-12-07,92.839996,95.300003,92.099998,95.07,94.766838,12020100
2016-12-08,95.190002,96.620003,93.050003,93.480003,93.181915,9538600
2016-12-09,94.199997,94.269997,90.709999,91.82,91.527199,9557800
2016-12-12,89.849998,89.949997,87.540001,89.589996,89.304306,15033300
2016-12-13,90.089996,92.290001,90.050003,91.169998,90.87928,9694900
2016-12-14,92.540001,97.110001,91.57,96.449997,96.142426,24599500
2016-12-15,96.900002,99.940002,96.599998,98.709999,98.395226,18663700
2016-12-16,99.830002,100.699997,97.730003,100.410004,100.089813,26861700
2016-12-19,99.699997,102.449997,99,101.629997,101.305916,18616400
2016-12-20,104.580002,106.129997,104.120003,105.169998,104.834633,21201400
2016-12-21,105.639999,105.949997,103.709999,105.830002,105.492531,14403400
2016-12-22,106.82,108.870003,106.529999,107.110001,106.76844,17965300
2016-12-23,106.379997,109.839996,106.269997,109.779999,109.429932,16168700
2016-12-27,112.059998,117.360001,111.220001,117.32,116.945885,29856800
2016-12-28,119.599998,119.93,108.690002,109.25,108.901627,57394100
2016-12-29,104.900002,111.489998,102.800003,111.43,111.074669,54036800
2016-12-30,111.349998,111.919998,106.300003,106.739998,106.39962,30323300
